state,year,mean
001,1895,16
001,1896,18
001,1897,18
001,1898,17
001,1899,17
001,1900,17
001,1901,16
001,1902,17
001,1903,16
001,1904,17
001,1905,17
001,1906,17
001,1907,17
001,1908,18
001,1909,17
001,1910,17
001,1911,18
001,1912,17
001,1913,17
001,1914,17
001,1915,17
001,1916,17
001,1917,16
001,1918,17
001,1919,18
001,1920,17
001,1921,18
001,1922,18
001,1923,17
001,1924,17
001,1925,18
001,1926,17
001,1927,18
001,1928,17
001,1929,17
001,1930,17
001,1931,18
001,1932,18
001,1933,18
001,1934,17
001,1935,17
001,1936,17
001,1937,17
001,1938,18
001,1939,17
001,1940,16
001,1941,17
001,1942,17
001,1943,17
001,1944,17
001,1945,17
001,1946,18
001,1947,17
001,1948,17
001,1949,18
001,1950,17
001,1951,17
001,1952,17
001,1953,17
001,1954,18
001,1955,17
001,1956,17
001,1957,17
001,1958,16
001,1959,17
001,1960,16
001,1961,16
001,1962,17
001,1963,16
001,1964,17
001,1965,17
001,1966,16
001,1967,16
001,1968,16
001,1969,16
001,1970,17
001,1971,17
001,1972,17
001,1973,17
001,1974,17
001,1975,17
001,1976,16
001,1977,17
001,1978,16
001,1979,16
001,1980,17
001,1981,16
001,1982,17
001,1983,16
001,1984,17
001,1985,17
001,1986,18
001,1987,17
001,1988,17
001,1989,17
001,1990,18
001,1991,17
001,1992,17
001,1993,17
001,1994,17
001,1995,17
001,1996,17
001,1997,17
001,1998,18
001,1999,18
001,2000,17
001,2001,17
001,2002,17
001,2003,17
001,2004,17
001,2005,17
001,2006,18
001,2007,18
001,2008,17
001,2009,17
001,2010,17
001,2011,17
001,2012,18
001,2013,17
001,2014,17
001,2015,18
001,2016,18
001,2017,18
001,2018,18
001,2019,18
001,2020,18
001,2021,18
001,2022,18
001,2023,4
002,1895,14
002,1896,15
002,1897,14
002,1898,15
002,1899,15
002,1900,16
002,1901,15
002,1902,15
002,1903,14
002,1904,15
002,1905,14
002,1906,15
002,1907,15
002,1908,14
002,1909,14
002,1910,16
002,1911,14
002,1912,14
002,1913,14
002,1914,15
002,1915,14
002,1916,14
002,1917,14
002,1918,14
002,1919,14
002,1920,14
002,1921,15
002,1922,14
002,1923,14
002,1924,14
002,1925,15
002,1926,15
002,1927,15
002,1928,15
002,1929,14
002,1930,14
002,1931,15
002,1932,14
002,1933,14
002,1934,16
002,1935,15
002,1936,16
002,1937,15
002,1938,15
002,1939,15
002,1940,16
002,1941,14
002,1942,15
002,1943,16
002,1944,14
002,1945,14
002,1946,15
002,1947,15
002,1948,14
002,1949,14
002,1950,16
002,1951,14
002,1952,14
002,1953,15
002,1954,16
002,1955,14
002,1956,15
002,1957,15
002,1958,16
002,1959,16
002,1960,15
002,1961,15
002,1962,15
002,1963,15
002,1964,14
002,1965,14
002,1966,15
002,1967,15
002,1968,14
002,1969,15
002,1970,14
002,1971,14
002,1972,15
002,1973,14
002,1974,15
002,1975,14
002,1976,14
002,1977,16
002,1978,15
002,1979,14
002,1980,16
002,1981,16
002,1982,14
002,1983,15
002,1984,15
002,1985,15
002,1986,16
002,1987,15
002,1988,16
002,1989,16
002,1990,15
002,1991,15
002,1992,15
002,1993,15
002,1994,16
002,1995,16
002,1996,16
002,1997,16
002,1998,15
002,1999,16
002,2000,16
002,2001,16
002,2002,16
002,2003,16
002,2004,16
002,2005,16
002,2006,16
002,2007,16
002,2008,16
002,2009,16
002,2010,16
002,2011,16
002,2012,17
002,2013,16
002,2014,17
002,2015,16
002,2016,17
002,2017,17
002,2018,17
002,2019,16
002,2020,17
002,2021,17
002,2022,16
002,2023,2
003,1895,14
003,1896,17
003,1897,16
003,1898,16
003,1899,15
003,1900,16
003,1901,16
003,1902,15
003,1903,14
003,1904,15
003,1905,14
003,1906,15
003,1907,16
003,1908,16
003,1909,16
003,1910,16
003,1911,17
003,1912,14
003,1913,16
003,1914,16
003,1915,15
003,1916,16
003,1917,14
003,1918,16
003,1919,16
003,1920,15
003,1921,17
003,1922,16
003,1923,16
003,1924,15
003,1925,16
003,1926,16
003,1927,17
003,1928,16
003,1929,15
003,1930,16
003,1931,16
003,1932,16
003,1933,17
003,1934,16
003,1935,16
003,1936,16
003,1937,16
003,1938,17
003,1939,16
003,1940,14
003,1941,16
003,1942,16
003,1943,16
003,1944,16
003,1945,16
003,1946,16
003,1947,16
003,1948,15
003,1949,16
003,1950,15
003,1951,16
003,1952,16
003,1953,16
003,1954,17
003,1955,16
003,1956,16
003,1957,16
003,1958,14
003,1959,15
003,1960,14
003,1961,15
003,1962,16
003,1963,16
003,1964,16
003,1965,16
003,1966,15
003,1967,15
003,1968,14
003,1969,15
003,1970,15
003,1971,16
003,1972,16
003,1973,16
003,1974,16
003,1975,15
003,1976,14
003,1977,16
003,1978,14
003,1979,14
003,1980,16
003,1981,16
003,1982,15
003,1983,14
003,1984,16
003,1985,15
003,1986,16
003,1987,16
003,1988,15
003,1989,14
003,1990,16
003,1991,16
003,1992,15
003,1993,15
003,1994,16
003,1995,16
003,1996,15
003,1997,15
003,1998,17
003,1999,17
003,2000,16
003,2001,16
003,2002,16
003,2003,16
003,2004,16
003,2005,16
003,2006,16
003,2007,16
003,2008,15
003,2009,15
003,2010,16
003,2011,16
003,2012,17
003,2013,15
003,2014,14
003,2015,16
003,2016,17
003,2017,17
003,2018,16
003,2019,16
003,2020,16
003,2021,16
003,2022,16
003,2023,3
004,1895,13
004,1896,14
004,1897,13
004,1898,13
004,1899,13
004,1900,14
004,1901,14
004,1902,13
004,1903,13
004,1904,14
004,1905,14
004,1906,14
004,1907,13
004,1908,13
004,1909,13
004,1910,14
004,1911,13
004,1912,13
004,1913,13
004,1914,14
004,1915,13
004,1916,13
004,1917,13
004,1918,13
004,1919,13
004,1920,13
004,1921,14
004,1922,13
004,1923,13
004,1924,14
004,1925,14
004,1926,14
004,1927,13
004,1928,14
004,1929,14
004,1930,13
004,1931,14
004,1932,13
004,1933,13
004,1934,15
004,1935,13
004,1936,14
004,1937,14
004,1938,14
004,1939,14
004,1940,14
004,1941,14
004,1942,14
004,1943,14
004,1944,13
004,1945,14
004,1946,13
004,1947,14
004,1948,13
004,1949,13
004,1950,14
004,1951,14
004,1952,13
004,1953,14
004,1954,14
004,1955,13
004,1956,13
004,1957,14
004,1958,14
004,1959,14
004,1960,14
004,1961,14
004,1962,14
004,1963,14
004,1964,13
004,1965,13
004,1966,14
004,1967,14
004,1968,14
004,1969,14
004,1970,14
004,1971,13
004,1972,14
004,1973,14
004,1974,14
004,1975,13
004,1976,14
004,1977,14
004,1978,14
004,1979,14
004,1980,14
004,1981,15
004,1982,13
004,1983,14
004,1984,14
004,1985,14
004,1986,14
004,1987,14
004,1988,14
004,1989,14
004,1990,14
004,1991,14
004,1992,15
004,1993,14
004,1994,14
004,1995,14
004,1996,15
004,1997,15
004,1998,13
004,1999,14
004,2000,14
004,2001,15
004,2002,14
004,2003,15
004,2004,14
004,2005,14
004,2006,14
004,2007,14
004,2008,14
004,2009,14
004,2010,14
004,2011,14
004,2012,15
004,2013,15
004,2014,16
004,2015,16
004,2016,16
004,2017,16
004,2018,16
004,2019,14
004,2020,16
004,2021,16
004,2022,16
004,2023,1
005,1895,6
005,1896,7
005,1897,7
005,1898,6
005,1899,6
005,1900,7
005,1901,7
005,1902,7
005,1903,6
005,1904,7
005,1905,6
005,1906,6
005,1907,7
005,1908,6
005,1909,6
005,1910,8
005,1911,7
005,1912,5
005,1913,6
005,1914,7
005,1915,6
005,1916,6
005,1917,6
005,1918,6
005,1919,6
005,1920,6
005,1921,8
005,1922,7
005,1923,6
005,1924,6
005,1925,7
005,1926,7
005,1927,7
005,1928,6
005,1929,6
005,1930,6
005,1931,7
005,1932,6
005,1933,7
005,1934,8
005,1935,7
005,1936,7
005,1937,7
005,1938,7
005,1939,7
005,1940,7
005,1941,7
005,1942,6
005,1943,7
005,1944,6
005,1945,7
005,1946,7
005,1947,7
005,1948,6
005,1949,7
005,1950,7
005,1951,6
005,1952,7
005,1953,7
005,1954,8
005,1955,7
005,1956,7
005,1957,7
005,1958,7
005,1959,7
005,1960,7
005,1961,6
005,1962,7
005,1963,8
005,1964,6
005,1965,7
005,1966,7
005,1967,7
005,1968,6
005,1969,7
005,1970,7
005,1971,7
005,1972,7
005,1973,6
005,1974,7
005,1975,6
005,1976,7
005,1977,8
005,1978,7
005,1979,6
005,1980,7
005,1981,8
005,1982,7
005,1983,7
005,1984,6
005,1985,7
005,1986,8
005,1987,7
005,1988,7
005,1989,7
005,1990,7
005,1991,7
005,1992,7
005,1993,6
005,1994,8
005,1995,7
005,1996,7
005,1997,7
005,1998,8
005,1999,8
005,2000,8
005,2001,8
005,2002,8
005,2003,8
005,2004,7
005,2005,8
005,2006,8
005,2007,8
005,2008,7
005,2009,7
005,2010,8
005,2011,7
005,2012,9
005,2013,7
005,2014,8
005,2015,8
005,2016,8
005,2017,8
005,2018,8
005,2019,7
005,2020,8
005,2021,8
005,2022,8
005,2023,-5
006,1895,8
006,1896,8
006,1897,8
006,1898,9
006,1899,8
006,1900,9
006,1901,8
006,1902,8
006,1903,8
006,1904,7
006,1905,8
006,1906,8
006,1907,7
006,1908,9
006,1909,8
006,1910,8
006,1911,8
006,1912,8
006,1913,9
006,1914,8
006,1915,8
006,1916,8
006,1917,7
006,1918,8
006,1919,8
006,1920,8
006,1921,9
006,1922,8
006,1923,8
006,1924,8
006,1925,8
006,1926,7
006,1927,8
006,1928,8
006,1929,8
006,1930,9
006,1931,9
006,1932,9
006,1933,9
006,1934,8
006,1935,8
006,1936,8
006,1937,9
006,1938,9
006,1939,8
006,1940,7
006,1941,9
006,1942,9
006,1943,8
006,1944,9
006,1945,9
006,1946,9
006,1947,8
006,1948,8
006,1949,10
006,1950,8
006,1951,9
006,1952,9
006,1953,10
006,1954,9
006,1955,9
006,1956,8
006,1957,9
006,1958,8
006,1959,9
006,1960,8
006,1961,9
006,1962,8
006,1963,8
006,1964,9
006,1965,8
006,1966,8
006,1967,8
006,1968,8
006,1969,8
006,1970,8
006,1971,9
006,1972,8
006,1973,10
006,1974,9
006,1975,9
006,1976,8
006,1977,9
006,1978,8
006,1979,9
006,1980,8
006,1981,9
006,1982,8
006,1983,9
006,1984,9
006,1985,9
006,1986,9
006,1987,9
006,1988,9
006,1989,8
006,1990,11
006,1991,10
006,1992,8
006,1993,9
006,1994,9
006,1995,9
006,1996,9
006,1997,9
006,1998,11
006,1999,10
006,2000,9
006,2001,10
006,2002,10
006,2003,9
006,2004,9
006,2005,9
006,2006,11
006,2007,9
006,2008,9
006,2009,9
006,2010,11
006,2011,10
006,2012,11
006,2013,9
006,2014,9
006,2015,9
006,2016,11
006,2017,10
006,2018,10
006,2019,9
006,2020,11
006,2021,11
006,2022,11
006,2023,-2
007,1895,11
007,1896,12
007,1897,12
007,1898,12
007,1899,12
007,1900,13
007,1901,11
007,1902,12
007,1903,12
007,1904,10
007,1905,11
007,1906,12
007,1907,11
007,1908,12
007,1909,12
007,1910,12
007,1911,12
007,1912,11
007,1913,13
007,1914,12
007,1915,12
007,1916,12
007,1917,11
007,1918,12
007,1919,12
007,1920,11
007,1921,13
007,1922,12
007,1923,12
007,1924,11
007,1925,12
007,1926,11
007,1927,12
007,1928,12
007,1929,12
007,1930,12
007,1931,13
007,1932,13
007,1933,12
007,1934,12
007,1935,12
007,1936,12
007,1937,12
007,1938,13
007,1939,12
007,1940,11
007,1941,12
007,1942,12
007,1943,12
007,1944,12
007,1945,12
007,1946,13
007,1947,12
007,1948,12
007,1949,13
007,1950,12
007,1951,12
007,1952,12
007,1953,13
007,1954,13
007,1955,12
007,1956,12
007,1957,13
007,1958,11
007,1959,13
007,1960,12
007,1961,12
007,1962,11
007,1963,12
007,1964,12
007,1965,12
007,1966,12
007,1967,11
007,1968,12
007,1969,12
007,1970,12
007,1971,12
007,1972,12
007,1973,13
007,1974,12
007,1975,13
007,1976,12
007,1977,12
007,1978,11
007,1979,12
007,1980,12
007,1981,12
007,1982,12
007,1983,12
007,1984,12
007,1985,13
007,1986,13
007,1987,12
007,1988,12
007,1989,12
007,1990,14
007,1991,13
007,1992,12
007,1993,12
007,1994,13
007,1995,13
007,1996,12
007,1997,12
007,1998,14
007,1999,13
007,2000,12
007,2001,13
007,2002,14
007,2003,12
007,2004,13
007,2005,13
007,2006,14
007,2007,13
007,2008,13
007,2009,13
007,2010,13
007,2011,14
007,2012,14
007,2013,13
007,2014,12
007,2015,13
007,2016,14
007,2017,14
007,2018,14
007,2019,14
007,2020,14
007,2021,14
007,2022,13
007,2023,1
008,1895,20
008,1896,21
008,1897,21
008,1898,21
008,1899,21
008,1900,21
008,1901,19
008,1902,21
008,1903,20
008,1904,21
008,1905,21
008,1906,21
008,1907,21
008,1908,21
008,1909,21
008,1910,20
008,1911,22
008,1912,21
008,1913,21
008,1914,21
008,1915,21
008,1916,21
008,1917,20
008,1918,21
008,1919,21
008,1920,20
008,1921,21
008,1922,22
008,1923,21
008,1924,21
008,1925,21
008,1926,21
008,1927,22
008,1928,21
008,1929,21
008,1930,21
008,1931,21
008,1932,21
008,1933,21
008,1934,21
008,1935,21
008,1936,21
008,1937,21
008,1938,21
008,1939,21
008,1940,20
008,1941,21
008,1942,21
008,1943,21
008,1944,21
008,1945,21
008,1946,22
008,1947,21
008,1948,22
008,1949,22
008,1950,21
008,1951,21
008,1952,21
008,1953,21
008,1954,21
008,1955,21
008,1956,21
008,1957,21
008,1958,20
008,1959,21
008,1960,21
008,1961,21
008,1962,21
008,1963,21
008,1964,21
008,1965,21
008,1966,21
008,1967,21
008,1968,20
008,1969,20
008,1970,21
008,1971,21
008,1972,21
008,1973,21
008,1974,21
008,1975,22
008,1976,20
008,1977,21
008,1978,21
008,1979,21
008,1980,21
008,1981,21
008,1982,22
008,1983,21
008,1984,21
008,1985,21
008,1986,22
008,1987,21
008,1988,21
008,1989,21
008,1990,22
008,1991,22
008,1992,21
008,1993,21
008,1994,22
008,1995,21
008,1996,21
008,1997,22
008,1998,22
008,1999,22
008,2000,21
008,2001,21
008,2002,22
008,2003,21
008,2004,21
008,2005,21
008,2006,22
008,2007,22
008,2008,21
008,2009,22
008,2010,21
008,2011,22
008,2012,22
008,2013,22
008,2014,21
008,2015,23
008,2016,22
008,2017,22
008,2018,22
008,2019,23
008,2020,23
008,2021,22
008,2022,22
008,2023,7
009,1895,17
009,1896,18
009,1897,18
009,1898,17
009,1899,17
009,1900,17
009,1901,16
009,1902,17
009,1903,17
009,1904,17
009,1905,17
009,1906,17
009,1907,17
009,1908,18
009,1909,17
009,1910,17
009,1911,18
009,1912,17
009,1913,17
009,1914,17
009,1915,17
009,1916,17
009,1917,16
009,1918,17
009,1919,18
009,1920,17
009,1921,18
009,1922,18
009,1923,17
009,1924,17
009,1925,18
009,1926,17
009,1927,18
009,1928,17
009,1929,17
009,1930,17
009,1931,18
009,1932,18
009,1933,18
009,1934,17
009,1935,17
009,1936,17
009,1937,17
009,1938,18
009,1939,18
009,1940,16
009,1941,17
009,1942,17
009,1943,17
009,1944,17
009,1945,17
009,1946,18
009,1947,17
009,1948,17
009,1949,18
009,1950,17
009,1951,17
009,1952,17
009,1953,17
009,1954,18
009,1955,17
009,1956,17
009,1957,18
009,1958,16
009,1959,17
009,1960,17
009,1961,17
009,1962,17
009,1963,16
009,1964,17
009,1965,17
009,1966,16
009,1967,17
009,1968,16
009,1969,16
009,1970,17
009,1971,17
009,1972,17
009,1973,17
009,1974,17
009,1975,17
009,1976,16
009,1977,17
009,1978,17
009,1979,17
009,1980,17
009,1981,17
009,1982,17
009,1983,16
009,1984,17
009,1985,17
009,1986,18
009,1987,17
009,1988,17
009,1989,17
009,1990,18
009,1991,18
009,1992,17
009,1993,17
009,1994,17
009,1995,17
009,1996,17
009,1997,17
009,1998,18
009,1999,18
009,2000,17
009,2001,17
009,2002,18
009,2003,17
009,2004,17
009,2005,17
009,2006,18
009,2007,18
009,2008,17
009,2009,17
009,2010,17
009,2011,18
009,2012,18
009,2013,17
009,2014,17
009,2015,18
009,2016,18
009,2017,18
009,2018,18
009,2019,19
009,2020,18
009,2021,18
009,2022,18
009,2023,4
010,1895,5
010,1896,6
010,1897,6
010,1898,5
010,1899,5
010,1900,6
010,1901,6
010,1902,5
010,1903,5
010,1904,6
010,1905,6
010,1906,6
010,1907,6
010,1908,6
010,1909,6
010,1910,6
010,1911,4
010,1912,4
010,1913,5
010,1914,6
010,1915,6
010,1916,4
010,1917,5
010,1918,6
010,1919,5
010,1920,5
010,1921,6
010,1922,4
010,1923,5
010,1924,5
010,1925,7
010,1926,7
010,1927,6
010,1928,6
010,1929,4
010,1930,5
010,1931,6
010,1932,4
010,1933,6
010,1934,8
010,1935,5
010,1936,6
010,1937,5
010,1938,6
010,1939,7
010,1940,7
010,1941,6
010,1942,5
010,1943,6
010,1944,5
010,1945,6
010,1946,6
010,1947,6
010,1948,5
010,1949,5
010,1950,6
010,1951,5
010,1952,5
010,1953,7
010,1954,6
010,1955,4
010,1956,6
010,1957,6
010,1958,7
010,1959,6
010,1960,6
010,1961,6
010,1962,6
010,1963,6
010,1964,4
010,1965,6
010,1966,6
010,1967,6
010,1968,6
010,1969,6
010,1970,6
010,1971,5
010,1972,6
010,1973,6
010,1974,6
010,1975,5
010,1976,6
010,1977,6
010,1978,6
010,1979,6
010,1980,6
010,1981,7
010,1982,5
010,1983,6
010,1984,4
010,1985,4
010,1986,7
010,1987,7
010,1988,7
010,1989,6
010,1990,6
010,1991,6
010,1992,7
010,1993,4
010,1994,7
010,1995,6
010,1996,6
010,1997,6
010,1998,7
010,1999,6
010,2000,6
010,2001,7
010,2002,6
010,2003,7
010,2004,7
010,2005,6
010,2006,7
010,2007,7
010,2008,6
010,2009,6
010,2010,6
010,2011,6
010,2012,7
010,2013,6
010,2014,7
010,2015,8
010,2016,7
010,2017,7
010,2018,7
010,2019,6
010,2020,7
010,2021,7
010,2022,6
010,2023,-6
011,1895,9
011,1896,11
011,1897,11
011,1898,11
011,1899,10
011,1900,11
011,1901,10
011,1902,10
011,1903,10
011,1904,9
011,1905,10
011,1906,11
011,1907,10
011,1908,11
011,1909,10
011,1910,10
011,1911,11
011,1912,9
011,1913,11
011,1914,11
011,1915,10
011,1916,11
011,1917,9
011,1918,11
011,1919,11
011,1920,10
011,1921,12
011,1922,11
011,1923,11
011,1924,9
011,1925,11
011,1926,10
011,1927,11
011,1928,11
011,1929,9
011,1930,11
011,1931,12
011,1932,11
011,1933,12
011,1934,12
011,1935,11
011,1936,11
011,1937,10
011,1938,12
011,1939,12
011,1940,10
011,1941,12
011,1942,11
011,1943,10
011,1944,11
011,1945,10
011,1946,12
011,1947,11
011,1948,11
011,1949,11
011,1950,9
011,1951,9
011,1952,11
011,1953,12
011,1954,12
011,1955,11
011,1956,11
011,1957,11
011,1958,10
011,1959,11
011,1960,10
011,1961,11
011,1962,10
011,1963,10
011,1964,11
011,1965,11
011,1966,10
011,1967,10
011,1968,11
011,1969,10
011,1970,11
011,1971,11
011,1972,10
011,1973,12
011,1974,11
011,1975,11
011,1976,10
011,1977,11
011,1978,9
011,1979,9
011,1980,11
011,1981,11
011,1982,10
011,1983,11
011,1984,11
011,1985,10
011,1986,11
011,1987,12
011,1988,11
011,1989,10
011,1990,12
011,1991,12
011,1992,11
011,1993,10
011,1994,11
011,1995,11
011,1996,10
011,1997,10
011,1998,13
011,1999,12
011,2000,11
011,2001,12
011,2002,12
011,2003,11
011,2004,11
011,2005,12
011,2006,12
011,2007,12
011,2008,10
011,2009,11
011,2010,11
011,2011,12
011,2012,13
011,2013,11
011,2014,9
011,2015,11
011,2016,12
011,2017,12
011,2018,11
011,2019,11
011,2020,12
011,2021,12
011,2022,11
011,2023,-1
012,1895,9
012,1896,11
012,1897,11
012,1898,11
012,1899,11
012,1900,11
012,1901,10
012,1902,11
012,1903,10
012,1904,9
012,1905,10
012,1906,11
012,1907,9
012,1908,11
012,1909,10
012,1910,10
012,1911,11
012,1912,9
012,1913,11
012,1914,11
012,1915,10
012,1916,11
012,1917,9
012,1918,11
012,1919,11
012,1920,10
012,1921,12
012,1922,11
012,1923,11
012,1924,9
012,1925,11
012,1926,10
012,1927,11
012,1928,10
012,1929,9
012,1930,11
012,1931,12
012,1932,11
012,1933,12
012,1934,11
012,1935,11
012,1936,11
012,1937,10
012,1938,12
012,1939,11
012,1940,10
012,1941,11
012,1942,11
012,1943,10
012,1944,11
012,1945,10
012,1946,12
012,1947,10
012,1948,11
012,1949,12
012,1950,9
012,1951,10
012,1952,11
012,1953,12
012,1954,12
012,1955,11
012,1956,11
012,1957,11
012,1958,9
012,1959,11
012,1960,10
012,1961,10
012,1962,10
012,1963,9
012,1964,11
012,1965,11
012,1966,10
012,1967,10
012,1968,10
012,1969,10
012,1970,10
012,1971,11
012,1972,10
012,1973,11
012,1974,11
012,1975,11
012,1976,9
012,1977,11
012,1978,9
012,1979,9
012,1980,10
012,1981,10
012,1982,10
012,1983,11
012,1984,11
012,1985,11
012,1986,11
012,1987,12
012,1988,11
012,1989,10
012,1990,12
012,1991,12
012,1992,11
012,1993,10
012,1994,11
012,1995,11
012,1996,10
012,1997,10
012,1998,12
012,1999,12
012,2000,11
012,2001,12
012,2002,12
012,2003,11
012,2004,11
012,2005,11
012,2006,12
012,2007,12
012,2008,11
012,2009,11
012,2010,11
012,2011,12
012,2012,13
012,2013,11
012,2014,9
012,2015,11
012,2016,12
012,2017,12
012,2018,11
012,2019,11
012,2020,12
012,2021,12
012,2022,11
012,2023,-1
013,1895,8
013,1896,8
013,1897,8
013,1898,8
013,1899,8
013,1900,9
013,1901,8
013,1902,8
013,1903,8
013,1904,7
013,1905,8
013,1906,8
013,1907,8
013,1908,9
013,1909,8
013,1910,8
013,1911,9
013,1912,7
013,1913,9
013,1914,9
013,1915,8
013,1916,8
013,1917,6
013,1918,9
013,1919,8
013,1920,8
013,1921,11
013,1922,9
013,1923,8
013,1924,7
013,1925,8
013,1926,8
013,1927,8
013,1928,9
013,1929,7
013,1930,9
013,1931,11
013,1932,8
013,1933,9
013,1934,10
013,1935,8
013,1936,8
013,1937,8
013,1938,10
013,1939,9
013,1940,8
013,1941,9
013,1942,8
013,1943,8
013,1944,9
013,1945,8
013,1946,9
013,1947,8
013,1948,8
013,1949,9
013,1950,7
013,1951,7
013,1952,8
013,1953,9
013,1954,9
013,1955,8
013,1956,9
013,1957,8
013,1958,8
013,1959,8
013,1960,8
013,1961,8
013,1962,8
013,1963,8
013,1964,9
013,1965,8
013,1966,8
013,1967,8
013,1968,8
013,1969,8
013,1970,8
013,1971,8
013,1972,7
013,1973,9
013,1974,8
013,1975,8
013,1976,8
013,1977,9
013,1978,7
013,1979,7
013,1980,9
013,1981,9
013,1982,8
013,1983,8
013,1984,8
013,1985,7
013,1986,9
013,1987,11
013,1988,9
013,1989,8
013,1990,9
013,1991,9
013,1992,8
013,1993,7
013,1994,8
013,1995,8
013,1996,7
013,1997,8
013,1998,10
013,1999,9
013,2000,9
013,2001,9
013,2002,9
013,2003,8
013,2004,9
013,2005,9
013,2006,10
013,2007,9
013,2008,7
013,2009,8
013,2010,9
013,2011,9
013,2012,11
013,2013,8
013,2014,7
013,2015,9
013,2016,10
013,2017,10
013,2018,8
013,2019,8
013,2020,9
013,2021,10
013,2022,8
013,2023,-3
014,1895,11
014,1896,12
014,1897,12
014,1898,11
014,1899,11
014,1900,12
014,1901,12
014,1902,12
014,1903,11
014,1904,12
014,1905,11
014,1906,12
014,1907,12
014,1908,12
014,1909,12
014,1910,12
014,1911,12
014,1912,11
014,1913,12
014,1914,12
014,1915,11
014,1916,11
014,1917,11
014,1918,12
014,1919,11
014,1920,12
014,1921,13
014,1922,12
014,1923,12
014,1924,11
014,1925,12
014,1926,12
014,1927,12
014,1928,12
014,1929,11
014,1930,12
014,1931,13
014,1932,12
014,1933,13
014,1934,14
014,1935,12
014,1936,13
014,1937,12
014,1938,13
014,1939,13
014,1940,12
014,1941,13
014,1942,12
014,1943,12
014,1944,12
014,1945,12
014,1946,13
014,1947,12
014,1948,12
014,1949,12
014,1950,12
014,1951,11
014,1952,12
014,1953,13
014,1954,14
014,1955,12
014,1956,13
014,1957,12
014,1958,12
014,1959,12
014,1960,11
014,1961,11
014,1962,12
014,1963,13
014,1964,12
014,1965,12
014,1966,12
014,1967,12
014,1968,12
014,1969,12
014,1970,12
014,1971,12
014,1972,12
014,1973,12
014,1974,12
014,1975,12
014,1976,12
014,1977,13
014,1978,11
014,1979,11
014,1980,13
014,1981,13
014,1982,12
014,1983,12
014,1984,12
014,1985,11
014,1986,13
014,1987,13
014,1988,12
014,1989,12
014,1990,13
014,1991,13
014,1992,12
014,1993,11
014,1994,12
014,1995,12
014,1996,12
014,1997,12
014,1998,13
014,1999,13
014,2000,13
014,2001,13
014,2002,13
014,2003,12
014,2004,13
014,2005,13
014,2006,13
014,2007,13
014,2008,12
014,2009,12
014,2010,13
014,2011,13
014,2012,14
014,2013,12
014,2014,12
014,2015,13
014,2016,14
014,2017,13
014,2018,12
014,2019,12
014,2020,13
014,2021,13
014,2022,13
014,2023,0
015,1895,12
015,1896,13
015,1897,13
015,1898,13
015,1899,13
015,1900,13
015,1901,12
015,1902,13
015,1903,12
015,1904,12
015,1905,12
015,1906,13
015,1907,13
015,1908,13
015,1909,13
015,1910,12
015,1911,14
015,1912,12
015,1913,13
015,1914,13
015,1915,13
015,1916,13
015,1917,11
015,1918,13
015,1919,13
015,1920,12
015,1921,14
015,1922,14
015,1923,13
015,1924,12
015,1925,13
015,1926,12
015,1927,13
015,1928,12
015,1929,13
015,1930,13
015,1931,14
015,1932,13
015,1933,14
015,1934,13
015,1935,13
015,1936,13
015,1937,13
015,1938,14
015,1939,14
015,1940,12
015,1941,13
015,1942,13
015,1943,13
015,1944,13
015,1945,13
015,1946,14
015,1947,12
015,1948,13
015,1949,13
015,1950,12
015,1951,12
015,1952,13
015,1953,14
015,1954,13
015,1955,13
015,1956,13
015,1957,13
015,1958,12
015,1959,13
015,1960,12
015,1961,12
015,1962,12
015,1963,12
015,1964,13
015,1965,13
015,1966,12
015,1967,12
015,1968,12
015,1969,12
015,1970,13
015,1971,13
015,1972,12
015,1973,13
015,1974,13
015,1975,13
015,1976,12
015,1977,12
015,1978,12
015,1979,12
015,1980,12
015,1981,12
015,1982,13
015,1983,13
015,1984,13
015,1985,13
015,1986,13
015,1987,13
015,1988,12
015,1989,12
015,1990,14
015,1991,14
015,1992,13
015,1993,13
015,1994,13
015,1995,13
015,1996,12
015,1997,12
015,1998,14
015,1999,14
015,2000,13
015,2001,13
015,2002,13
015,2003,13
015,2004,13
015,2005,13
015,2006,13
015,2007,14
015,2008,13
015,2009,13
015,2010,13
015,2011,13
015,2012,14
015,2013,13
015,2014,12
015,2015,13
015,2016,14
015,2017,14
015,2018,13
015,2019,14
015,2020,14
015,2021,13
015,2022,13
015,2023,1
016,1895,18
016,1896,19
016,1897,19
016,1898,18
016,1899,19
016,1900,19
016,1901,18
016,1902,19
016,1903,18
016,1904,19
016,1905,18
016,1906,19
016,1907,19
016,1908,19
016,1909,19
016,1910,19
016,1911,20
016,1912,18
016,1913,19
016,1914,18
016,1915,19
016,1916,19
016,1917,18
016,1918,19
016,1919,19
016,1920,18
016,1921,20
016,1922,19
016,1923,19
016,1924,18
016,1925,19
016,1926,19
016,1927,20
016,1928,18
016,1929,19
016,1930,19
016,1931,19
016,1932,19
016,1933,20
016,1934,19
016,1935,19
016,1936,19
016,1937,19
016,1938,19
016,1939,19
016,1940,18
016,1941,19
016,1942,18
016,1943,19
016,1944,19
016,1945,19
016,1946,19
016,1947,18
016,1948,19
016,1949,19
016,1950,19
016,1951,19
016,1952,19
016,1953,19
016,1954,19
016,1955,19
016,1956,19
016,1957,19
016,1958,18
016,1959,18
016,1960,18
016,1961,18
016,1962,19
016,1963,18
016,1964,19
016,1965,19
016,1966,18
016,1967,18
016,1968,18
016,1969,18
016,1970,18
016,1971,19
016,1972,19
016,1973,19
016,1974,19
016,1975,19
016,1976,18
016,1977,19
016,1978,18
016,1979,18
016,1980,19
016,1981,19
016,1982,19
016,1983,18
016,1984,19
016,1985,19
016,1986,19
016,1987,18
016,1988,18
016,1989,18
016,1990,19
016,1991,19
016,1992,18
016,1993,18
016,1994,19
016,1995,19
016,1996,19
016,1997,19
016,1998,20
016,1999,19
016,2000,19
016,2001,19
016,2002,19
016,2003,19
016,2004,19
016,2005,19
016,2006,19
016,2007,19
016,2008,19
016,2009,19
016,2010,19
016,2011,19
016,2012,20
016,2013,19
016,2014,18
016,2015,20
016,2016,20
016,2017,20
016,2018,19
016,2019,19
016,2020,20
016,2021,19
016,2022,19
016,2023,6
017,1895,4
017,1896,3
017,1897,3
017,1898,4
017,1899,4
017,1900,4
017,1901,4
017,1902,4
017,1903,4
017,1904,2
017,1905,3
017,1906,3
017,1907,3
017,1908,4
017,1909,4
017,1910,4
017,1911,4
017,1912,3
017,1913,5
017,1914,3
017,1915,4
017,1916,4
017,1917,2
017,1918,3
017,1919,4
017,1920,4
017,1921,5
017,1922,4
017,1923,3
017,1924,3
017,1925,3
017,1926,3
017,1927,4
017,1928,4
017,1929,4
017,1930,4
017,1931,6
017,1932,4
017,1933,4
017,1934,3
017,1935,4
017,1936,4
017,1937,5
017,1938,5
017,1939,4
017,1940,3
017,1941,4
017,1942,4
017,1943,3
017,1944,4
017,1945,4
017,1946,4
017,1947,4
017,1948,4
017,1949,6
017,1950,4
017,1951,5
017,1952,5
017,1953,6
017,1954,4
017,1955,4
017,1956,4
017,1957,5
017,1958,4
017,1959,4
017,1960,5
017,1961,4
017,1962,4
017,1963,4
017,1964,4
017,1965,4
017,1966,5
017,1967,4
017,1968,4
017,1969,4
017,1970,4
017,1971,4
017,1972,3
017,1973,6
017,1974,4
017,1975,4
017,1976,4
017,1977,4
017,1978,4
017,1979,5
017,1980,4
017,1981,5
017,1982,4
017,1983,6
017,1984,5
017,1985,4
017,1986,4
017,1987,5
017,1988,4
017,1989,4
017,1990,6
017,1991,5
017,1992,4
017,1993,4
017,1994,4
017,1995,4
017,1996,4
017,1997,4
017,1998,6
017,1999,6
017,2000,4
017,2001,6
017,2002,5
017,2003,4
017,2004,4
017,2005,5
017,2006,6
017,2007,4
017,2008,5
017,2009,4
017,2010,7
017,2011,6
017,2012,6
017,2013,5
017,2014,5
017,2015,5
017,2016,6
017,2017,6
017,2018,5
017,2019,4
017,2020,6
017,2021,7
017,2022,6
017,2023,-6
018,1895,11
018,1896,12
018,1897,12
018,1898,12
018,1899,12
018,1900,12
018,1901,11
018,1902,12
018,1903,11
018,1904,10
018,1905,11
018,1906,12
018,1907,11
018,1908,12
018,1909,12
018,1910,12
018,1911,12
018,1912,11
018,1913,13
018,1914,11
018,1915,12
018,1916,11
018,1917,10
018,1918,12
018,1919,12
018,1920,11
018,1921,13
018,1922,12
018,1923,12
018,1924,11
018,1925,12
018,1926,11
018,1927,12
018,1928,12
018,1929,12
018,1930,12
018,1931,13
018,1932,12
018,1933,12
018,1934,12
018,1935,11
018,1936,12
018,1937,12
018,1938,12
018,1939,12
018,1940,11
018,1941,12
018,1942,12
018,1943,12
018,1944,12
018,1945,12
018,1946,12
018,1947,12
018,1948,12
018,1949,13
018,1950,12
018,1951,12
018,1952,12
018,1953,13
018,1954,12
018,1955,12
018,1956,12
018,1957,12
018,1958,11
018,1959,13
018,1960,11
018,1961,12
018,1962,11
018,1963,11
018,1964,12
018,1965,12
018,1966,11
018,1967,11
018,1968,12
018,1969,12
018,1970,12
018,1971,12
018,1972,12
018,1973,13
018,1974,12
018,1975,12
018,1976,12
018,1977,12
018,1978,11
018,1979,12
018,1980,12
018,1981,12
018,1982,12
018,1983,12
018,1984,12
018,1985,12
018,1986,12
018,1987,12
018,1988,12
018,1989,12
018,1990,13
018,1991,13
018,1992,12
018,1993,12
018,1994,12
018,1995,12
018,1996,12
018,1997,12
018,1998,14
018,1999,13
018,2000,12
018,2001,13
018,2002,13
018,2003,12
018,2004,13
018,2005,13
018,2006,13
018,2007,13
018,2008,13
018,2009,12
018,2010,13
018,2011,13
018,2012,14
018,2013,12
018,2014,12
018,2015,13
018,2016,13
018,2017,13
018,2018,13
018,2019,13
018,2020,14
018,2021,13
018,2022,13
018,2023,1
019,1895,7
019,1896,8
019,1897,8
019,1898,8
019,1899,8
019,1900,8
019,1901,7
019,1902,8
019,1903,7
019,1904,6
019,1905,7
019,1906,8
019,1907,7
019,1908,8
019,1909,8
019,1910,8
019,1911,8
019,1912,7
019,1913,9
019,1914,7
019,1915,8
019,1916,7
019,1917,6
019,1918,7
019,1919,8
019,1920,7
019,1921,9
019,1922,8
019,1923,7
019,1924,7
019,1925,8
019,1926,7
019,1927,8
019,1928,8
019,1929,8
019,1930,8
019,1931,9
019,1932,8
019,1933,8
019,1934,7
019,1935,8
019,1936,8
019,1937,8
019,1938,8
019,1939,8
019,1940,7
019,1941,8
019,1942,8
019,1943,8
019,1944,8
019,1945,8
019,1946,8
019,1947,8
019,1948,8
019,1949,9
019,1950,8
019,1951,8
019,1952,9
019,1953,9
019,1954,8
019,1955,8
019,1956,8
019,1957,9
019,1958,7
019,1959,8
019,1960,8
019,1961,8
019,1962,7
019,1963,8
019,1964,8
019,1965,8
019,1966,8
019,1967,8
019,1968,8
019,1969,8
019,1970,8
019,1971,8
019,1972,7
019,1973,9
019,1974,8
019,1975,9
019,1976,8
019,1977,8
019,1978,7
019,1979,8
019,1980,8
019,1981,8
019,1982,8
019,1983,9
019,1984,8
019,1985,8
019,1986,8
019,1987,8
019,1988,8
019,1989,8
019,1990,9
019,1991,9
019,1992,8
019,1993,8
019,1994,8
019,1995,8
019,1996,8
019,1997,8
019,1998,10
019,1999,9
019,2000,8
019,2001,9
019,2002,9
019,2003,8
019,2004,8
019,2005,9
019,2006,10
019,2007,9
019,2008,9
019,2009,8
019,2010,10
019,2011,9
019,2012,11
019,2013,9
019,2014,8
019,2015,9
019,2016,10
019,2017,9
019,2018,9
019,2019,9
019,2020,10
019,2021,10
019,2022,10
019,2023,-2
020,1895,5
020,1896,6
020,1897,6
020,1898,6
020,1899,6
020,1900,6
020,1901,6
020,1902,6
020,1903,6
020,1904,4
020,1905,6
020,1906,6
020,1907,5
020,1908,7
020,1909,6
020,1910,6
020,1911,7
020,1912,4
020,1913,7
020,1914,6
020,1915,6
020,1916,6
020,1917,4
020,1918,6
020,1919,7
020,1920,6
020,1921,8
020,1922,7
020,1923,6
020,1924,4
020,1925,6
020,1926,4
020,1927,6
020,1928,6
020,1929,5
020,1930,7
020,1931,8
020,1932,7
020,1933,7
020,1934,6
020,1935,6
020,1936,6
020,1937,6
020,1938,7
020,1939,7
020,1940,6
020,1941,7
020,1942,7
020,1943,6
020,1944,7
020,1945,6
020,1946,7
020,1947,6
020,1948,6
020,1949,7
020,1950,5
020,1951,6
020,1952,7
020,1953,7
020,1954,7
020,1955,7
020,1956,6
020,1957,6
020,1958,6
020,1959,6
020,1960,6
020,1961,7
020,1962,6
020,1963,6
020,1964,7
020,1965,6
020,1966,6
020,1967,6
020,1968,7
020,1969,6
020,1970,6
020,1971,6
020,1972,5
020,1973,7
020,1974,6
020,1975,7
020,1976,6
020,1977,7
020,1978,6
020,1979,6
020,1980,6
020,1981,7
020,1982,6
020,1983,7
020,1984,7
020,1985,6
020,1986,7
020,1987,8
020,1988,7
020,1989,6
020,1990,7
020,1991,7
020,1992,6
020,1993,6
020,1994,6
020,1995,7
020,1996,6
020,1997,6
020,1998,9
020,1999,8
020,2000,7
020,2001,8
020,2002,7
020,2003,6
020,2004,7
020,2005,8
020,2006,8
020,2007,8
020,2008,7
020,2009,6
020,2010,8
020,2011,7
020,2012,9
020,2013,7
020,2014,5
020,2015,7
020,2016,8
020,2017,8
020,2018,7
020,2019,6
020,2020,8
020,2021,8
020,2022,7
020,2023,-4
021,1895,3
021,1896,3
021,1897,3
021,1898,4
021,1899,3
021,1900,5
021,1901,4
021,1902,4
021,1903,3
021,1904,3
021,1905,4
021,1906,4
021,1907,3
021,1908,5
021,1909,3
021,1910,4
021,1911,4
021,1912,3
021,1913,4
021,1914,4
021,1915,4
021,1916,3
021,1917,2
021,1918,4
021,1919,4
021,1920,4
021,1921,6
021,1922,4
021,1923,4
021,1924,3
021,1925,4
021,1926,3
021,1927,3
021,1928,4
021,1929,3
021,1930,5
021,1931,7
021,1932,4
021,1933,4
021,1934,5
021,1935,4
021,1936,3
021,1937,3
021,1938,5
021,1939,5
021,1940,4
021,1941,6
021,1942,4
021,1943,4
021,1944,5
021,1945,3
021,1946,4
021,1947,4
021,1948,4
021,1949,4
021,1950,2
021,1951,3
021,1952,5
021,1953,5
021,1954,4
021,1955,4
021,1956,4
021,1957,4
021,1958,4
021,1959,4
021,1960,4
021,1961,5
021,1962,4
021,1963,5
021,1964,4
021,1965,3
021,1966,3
021,1967,3
021,1968,4
021,1969,4
021,1970,4
021,1971,4
021,1972,3
021,1973,6
021,1974,4
021,1975,4
021,1976,4
021,1977,5
021,1978,4
021,1979,3
021,1980,4
021,1981,6
021,1982,4
021,1983,5
021,1984,5
021,1985,3
021,1986,5
021,1987,7
021,1988,5
021,1989,4
021,1990,6
021,1991,5
021,1992,4
021,1993,3
021,1994,4
021,1995,4
021,1996,3
021,1997,4
021,1998,7
021,1999,6
021,2000,5
021,2001,6
021,2002,6
021,2003,5
021,2004,5
021,2005,6
021,2006,7
021,2007,6
021,2008,4
021,2009,4
021,2010,6
021,2011,6
021,2012,7
021,2013,4
021,2014,3
021,2015,6
021,2016,7
021,2017,6
021,2018,4
021,2019,4
021,2020,6
021,2021,7
021,2022,4
021,2023,-6
022,1895,17
022,1896,18
022,1897,18
022,1898,17
022,1899,17
022,1900,17
022,1901,17
022,1902,18
022,1903,17
022,1904,17
022,1905,17
022,1906,17
022,1907,18
022,1908,18
022,1909,18
022,1910,17
022,1911,18
022,1912,17
022,1913,17
022,1914,17
022,1915,17
022,1916,17
022,1917,17
022,1918,18
022,1919,18
022,1920,17
022,1921,19
022,1922,18
022,1923,17
022,1924,17
022,1925,18
022,1926,17
022,1927,19
022,1928,17
022,1929,17
022,1930,17
022,1931,18
022,1932,18
022,1933,18
022,1934,18
022,1935,18
022,1936,17
022,1937,17
022,1938,18
022,1939,18
022,1940,16
022,1941,18
022,1942,17
022,1943,17
022,1944,18
022,1945,18
022,1946,18
022,1947,17
022,1948,17
022,1949,18
022,1950,17
022,1951,18
022,1952,18
022,1953,18
022,1954,18
022,1955,18
022,1956,18
022,1957,18
022,1958,16
022,1959,17
022,1960,17
022,1961,17
022,1962,17
022,1963,17
022,1964,17
022,1965,17
022,1966,17
022,1967,17
022,1968,16
022,1969,17
022,1970,17
022,1971,17
022,1972,17
022,1973,17
022,1974,17
022,1975,17
022,1976,16
022,1977,17
022,1978,17
022,1979,16
022,1980,17
022,1981,17
022,1982,17
022,1983,16
022,1984,17
022,1985,17
022,1986,18
022,1987,17
022,1988,17
022,1989,17
022,1990,18
022,1991,18
022,1992,17
022,1993,17
022,1994,17
022,1995,17
022,1996,17
022,1997,17
022,1998,18
022,1999,18
022,2000,18
022,2001,17
022,2002,17
022,2003,17
022,2004,18
022,2005,18
022,2006,18
022,2007,18
022,2008,17
022,2009,17
022,2010,17
022,2011,18
022,2012,18
022,2013,17
022,2014,17
022,2015,18
022,2016,18
022,2017,18
022,2018,18
022,2019,18
022,2020,18
022,2021,18
022,2022,18
022,2023,5
023,1895,11
023,1896,13
023,1897,12
023,1898,12
023,1899,12
023,1900,13
023,1901,12
023,1902,12
023,1903,11
023,1904,11
023,1905,11
023,1906,12
023,1907,12
023,1908,13
023,1909,12
023,1910,12
023,1911,13
023,1912,11
023,1913,13
023,1914,13
023,1915,12
023,1916,12
023,1917,11
023,1918,12
023,1919,12
023,1920,12
023,1921,14
023,1922,13
023,1923,12
023,1924,11
023,1925,13
023,1926,12
023,1927,12
023,1928,12
023,1929,11
023,1930,13
023,1931,14
023,1932,12
023,1933,13
023,1934,13
023,1935,12
023,1936,13
023,1937,12
023,1938,14
023,1939,13
023,1940,11
023,1941,13
023,1942,12
023,1943,12
023,1944,12
023,1945,12
023,1946,13
023,1947,12
023,1948,12
023,1949,12
023,1950,11
023,1951,11
023,1952,13
023,1953,13
023,1954,14
023,1955,12
023,1956,13
023,1957,12
023,1958,12
023,1959,12
023,1960,12
023,1961,12
023,1962,12
023,1963,12
023,1964,13
023,1965,13
023,1966,12
023,1967,12
023,1968,12
023,1969,12
023,1970,12
023,1971,12
023,1972,12
023,1973,13
023,1974,12
023,1975,12
023,1976,12
023,1977,12
023,1978,11
023,1979,11
023,1980,12
023,1981,12
023,1982,12
023,1983,12
023,1984,12
023,1985,12
023,1986,13
023,1987,13
023,1988,12
023,1989,12
023,1990,13
023,1991,13
023,1992,12
023,1993,11
023,1994,12
023,1995,12
023,1996,11
023,1997,12
023,1998,14
023,1999,13
023,2000,13
023,2001,13
023,2002,13
023,2003,12
023,2004,12
023,2005,13
023,2006,13
023,2007,13
023,2008,12
023,2009,12
023,2010,13
023,2011,13
023,2012,14
023,2013,12
023,2014,11
023,2015,13
023,2016,14
023,2017,14
023,2018,13
023,2019,12
023,2020,13
023,2021,13
023,2022,13
023,2023,1
024,1895,3
024,1896,4
024,1897,4
024,1898,4
024,1899,3
024,1900,6
024,1901,5
024,1902,4
024,1903,4
024,1904,4
024,1905,4
024,1906,5
024,1907,4
024,1908,5
024,1909,4
024,1910,6
024,1911,3
024,1912,4
024,1913,4
024,1914,5
024,1915,5
024,1916,3
024,1917,3
024,1918,5
024,1919,4
024,1920,4
024,1921,6
024,1922,4
024,1923,5
024,1924,4
024,1925,6
024,1926,6
024,1927,3
024,1928,5
024,1929,3
024,1930,5
024,1931,6
024,1932,4
024,1933,6
024,1934,7
024,1935,4
024,1936,4
024,1937,4
024,1938,6
024,1939,6
024,1940,6
024,1941,6
024,1942,4
024,1943,4
024,1944,5
024,1945,4
024,1946,5
024,1947,5
024,1948,4
024,1949,4
024,1950,3
024,1951,3
024,1952,5
024,1953,6
024,1954,5
024,1955,3
024,1956,5
024,1957,4
024,1958,6
024,1959,4
024,1960,5
024,1961,6
024,1962,5
024,1963,6
024,1964,4
024,1965,4
024,1966,5
024,1967,5
024,1968,4
024,1969,4
024,1970,4
024,1971,4
024,1972,4
024,1973,5
024,1974,6
024,1975,4
024,1976,6
024,1977,5
024,1978,3
024,1979,4
024,1980,6
024,1981,6
024,1982,3
024,1983,5
024,1984,5
024,1985,4
024,1986,6
024,1987,7
024,1988,7
024,1989,4
024,1990,6
024,1991,6
024,1992,6
024,1993,4
024,1994,6
024,1995,5
024,1996,4
024,1997,6
024,1998,6
024,1999,7
024,2000,6
024,2001,6
024,2002,5
024,2003,6
024,2004,6
024,2005,6
024,2006,7
024,2007,7
024,2008,5
024,2009,5
024,2010,5
024,2011,5
024,2012,7
024,2013,6
024,2014,5
024,2015,7
024,2016,7
024,2017,6
024,2018,5
024,2019,4
024,2020,6
024,2021,6
024,2022,6
024,2023,-6
025,1895,8
025,1896,8
025,1897,8
025,1898,8
025,1899,8
025,1900,9
025,1901,9
025,1902,8
025,1903,8
025,1904,8
025,1905,8
025,1906,8
025,1907,8
025,1908,9
025,1909,8
025,1910,9
025,1911,9
025,1912,8
025,1913,9
025,1914,9
025,1915,8
025,1916,8
025,1917,7
025,1918,9
025,1919,8
025,1920,8
025,1921,10
025,1922,9
025,1923,9
025,1924,7
025,1925,9
025,1926,9
025,1927,8
025,1928,9
025,1929,8
025,1930,9
025,1931,11
025,1932,8
025,1933,10
025,1934,11
025,1935,9
025,1936,9
025,1937,8
025,1938,10
025,1939,10
025,1940,9
025,1941,9
025,1942,9
025,1943,9
025,1944,8
025,1945,8
025,1946,10
025,1947,9
025,1948,9
025,1949,8
025,1950,8
025,1951,7
025,1952,9
025,1953,10
025,1954,10
025,1955,9
025,1956,9
025,1957,8
025,1958,8
025,1959,8
025,1960,8
025,1961,8
025,1962,9
025,1963,10
025,1964,9
025,1965,8
025,1966,8
025,1967,9
025,1968,9
025,1969,8
025,1970,9
025,1971,9
025,1972,8
025,1973,9
025,1974,9
025,1975,8
025,1976,9
025,1977,9
025,1978,8
025,1979,8
025,1980,9
025,1981,10
025,1982,8
025,1983,8
025,1984,9
025,1985,8
025,1986,10
025,1987,10
025,1988,9
025,1989,8
025,1990,9
025,1991,10
025,1992,9
025,1993,7
025,1994,9
025,1995,9
025,1996,8
025,1997,9
025,1998,10
025,1999,10
025,2000,9
025,2001,10
025,2002,10
025,2003,9
025,2004,9
025,2005,10
025,2006,11
025,2007,9
025,2008,8
025,2009,8
025,2010,9
025,2011,9
025,2012,11
025,2013,9
025,2014,9
025,2015,10
025,2016,11
025,2017,10
025,2018,9
025,2019,8
025,2020,10
025,2021,11
025,2022,9
025,2023,-3
026,1895,9
026,1896,9
026,1897,9
026,1898,9
026,1899,9
026,1900,10
026,1901,9
026,1902,9
026,1903,9
026,1904,9
026,1905,9
026,1906,9
026,1907,9
026,1908,9
026,1909,9
026,1910,10
026,1911,8
026,1912,8
026,1913,8
026,1914,9
026,1915,9
026,1916,8
026,1917,9
026,1918,9
026,1919,9
026,1920,9
026,1921,11
026,1922,9
026,1923,9
026,1924,9
026,1925,9
026,1926,11
026,1927,9
026,1928,10
026,1929,9
026,1930,9
026,1931,10
026,1932,9
026,1933,9
026,1934,11
026,1935,9
026,1936,10
026,1937,9
026,1938,9
026,1939,10
026,1940,11
026,1941,9
026,1942,9
026,1943,10
026,1944,8
026,1945,9
026,1946,9
026,1947,9
026,1948,8
026,1949,8
026,1950,10
026,1951,9
026,1952,9
026,1953,10
026,1954,10
026,1955,8
026,1956,9
026,1957,9
026,1958,10
026,1959,10
026,1960,10
026,1961,9
026,1962,9
026,1963,9
026,1964,9
026,1965,9
026,1966,10
026,1967,9
026,1968,9
026,1969,9
026,1970,9
026,1971,9
026,1972,9
026,1973,9
026,1974,10
026,1975,9
026,1976,9
026,1977,10
026,1978,9
026,1979,9
026,1980,10
026,1981,11
026,1982,9
026,1983,9
026,1984,9
026,1985,9
026,1986,11
026,1987,10
026,1988,10
026,1989,10
026,1990,10
026,1991,9
026,1992,11
026,1993,9
026,1994,10
026,1995,10
026,1996,11
026,1997,10
026,1998,9
026,1999,10
026,2000,11
026,2001,11
026,2002,10
026,2003,11
026,2004,10
026,2005,10
026,2006,10
026,2007,11
026,2008,10
026,2009,10
026,2010,10
026,2011,9
026,2012,11
026,2013,10
026,2014,12
026,2015,11
026,2016,11
026,2017,11
026,2018,11
026,2019,9
026,2020,11
026,2021,11
026,2022,11
026,2023,-3
027,1895,5
027,1896,5
027,1897,5
027,1898,6
027,1899,5
027,1900,6
027,1901,5
027,1902,5
027,1903,5
027,1904,3
027,1905,4
027,1906,5
027,1907,4
027,1908,6
027,1909,5
027,1910,6
027,1911,6
027,1912,4
027,1913,6
027,1914,4
027,1915,6
027,1916,5
027,1917,3
027,1918,4
027,1919,6
027,1920,5
027,1921,6
027,1922,5
027,1923,4
027,1924,4
027,1925,5
027,1926,4
027,1927,6
027,1928,6
027,1929,6
027,1930,6
027,1931,7
027,1932,6
027,1933,6
027,1934,5
027,1935,5
027,1936,5
027,1937,6
027,1938,6
027,1939,5
027,1940,4
027,1941,6
027,1942,6
027,1943,4
027,1944,6
027,1945,6
027,1946,6
027,1947,6
027,1948,6
027,1949,7
027,1950,6
027,1951,6
027,1952,6
027,1953,7
027,1954,6
027,1955,6
027,1956,5
027,1957,6
027,1958,5
027,1959,6
027,1960,6
027,1961,6
027,1962,5
027,1963,5
027,1964,6
027,1965,5
027,1966,6
027,1967,5
027,1968,5
027,1969,6
027,1970,6
027,1971,6
027,1972,5
027,1973,7
027,1974,6
027,1975,6
027,1976,5
027,1977,6
027,1978,5
027,1979,6
027,1980,5
027,1981,6
027,1982,6
027,1983,7
027,1984,6
027,1985,6
027,1986,6
027,1987,6
027,1988,6
027,1989,5
027,1990,7
027,1991,7
027,1992,5
027,1993,6
027,1994,6
027,1995,6
027,1996,6
027,1997,6
027,1998,7
027,1999,7
027,2000,6
027,2001,7
027,2002,7
027,2003,6
027,2004,6
027,2005,7
027,2006,7
027,2007,6
027,2008,6
027,2009,6
027,2010,7
027,2011,7
027,2012,8
027,2013,7
027,2014,6
027,2015,6
027,2016,7
027,2017,7
027,2018,7
027,2019,6
027,2020,7
027,2021,8
027,2022,7
027,2023,-4
028,1895,9
028,1896,10
028,1897,10
028,1898,11
028,1899,10
028,1900,11
028,1901,9
028,1902,10
028,1903,10
028,1904,8
028,1905,9
028,1906,11
028,1907,9
028,1908,11
028,1909,10
028,1910,10
028,1911,11
028,1912,10
028,1913,11
028,1914,9
028,1915,10
028,1916,9
028,1917,9
028,1918,10
028,1919,11
028,1920,10
028,1921,12
028,1922,11
028,1923,10
028,1924,9
028,1925,11
028,1926,9
028,1927,10
028,1928,10
028,1929,11
028,1930,11
028,1931,12
028,1932,11
028,1933,11
028,1934,10
028,1935,10
028,1936,10
028,1937,11
028,1938,11
028,1939,11
028,1940,9
028,1941,11
028,1942,11
028,1943,10
028,1944,11
028,1945,11
028,1946,11
028,1947,11
028,1948,11
028,1949,12
028,1950,11
028,1951,11
028,1952,11
028,1953,12
028,1954,11
028,1955,11
028,1956,11
028,1957,11
028,1958,10
028,1959,11
028,1960,11
028,1961,11
028,1962,10
028,1963,10
028,1964,11
028,1965,11
028,1966,11
028,1967,10
028,1968,11
028,1969,11
028,1970,11
028,1971,11
028,1972,10
028,1973,12
028,1974,11
028,1975,11
028,1976,11
028,1977,11
028,1978,10
028,1979,11
028,1980,11
028,1981,11
028,1982,11
028,1983,11
028,1984,11
028,1985,11
028,1986,11
028,1987,11
028,1988,11
028,1989,11
028,1990,12
028,1991,12
028,1992,11
028,1993,11
028,1994,11
028,1995,11
028,1996,11
028,1997,11
028,1998,13
028,1999,12
028,2000,11
028,2001,12
028,2002,12
028,2003,11
028,2004,12
028,2005,12
028,2006,12
028,2007,12
028,2008,12
028,2009,11
028,2010,12
028,2011,12
028,2012,13
028,2013,12
028,2014,11
028,2015,12
028,2016,12
028,2017,12
028,2018,12
028,2019,12
028,2020,13
028,2021,13
028,2022,12
028,2023,-1
029,1895,11
029,1896,12
029,1897,11
029,1898,11
029,1899,11
029,1900,12
029,1901,12
029,1902,12
029,1903,11
029,1904,11
029,1905,11
029,1906,11
029,1907,12
029,1908,11
029,1909,11
029,1910,12
029,1911,12
029,1912,10
029,1913,10
029,1914,11
029,1915,11
029,1916,12
029,1917,11
029,1918,11
029,1919,11
029,1920,11
029,1921,12
029,1922,12
029,1923,11
029,1924,11
029,1925,12
029,1926,11
029,1927,12
029,1928,11
029,1929,11
029,1930,11
029,1931,11
029,1932,11
029,1933,11
029,1934,13
029,1935,12
029,1936,12
029,1937,11
029,1938,12
029,1939,11
029,1940,12
029,1941,11
029,1942,11
029,1943,12
029,1944,11
029,1945,11
029,1946,12
029,1947,11
029,1948,11
029,1949,11
029,1950,12
029,1951,11
029,1952,11
029,1953,12
029,1954,12
029,1955,11
029,1956,12
029,1957,12
029,1958,12
029,1959,11
029,1960,11
029,1961,11
029,1962,12
029,1963,12
029,1964,11
029,1965,11
029,1966,11
029,1967,12
029,1968,11
029,1969,12
029,1970,11
029,1971,11
029,1972,12
029,1973,11
029,1974,11
029,1975,11
029,1976,11
029,1977,12
029,1978,12
029,1979,11
029,1980,12
029,1981,12
029,1982,11
029,1983,11
029,1984,11
029,1985,11
029,1986,12
029,1987,11
029,1988,11
029,1989,12
029,1990,12
029,1991,11
029,1992,11
029,1993,12
029,1994,12
029,1995,12
029,1996,12
029,1997,11
029,1998,12
029,1999,12
029,2000,13
029,2001,12
029,2002,12
029,2003,13
029,2004,12
029,2005,12
029,2006,12
029,2007,12
029,2008,12
029,2009,12
029,2010,12
029,2011,12
029,2012,13
029,2013,12
029,2014,12
029,2015,12
029,2016,13
029,2017,13
029,2018,13
029,2019,12
029,2020,13
029,2021,13
029,2022,12
029,2023,-1
030,1895,6
030,1896,7
030,1897,7
030,1898,7
030,1899,7
030,1900,7
030,1901,6
030,1902,7
030,1903,7
030,1904,5
030,1905,6
030,1906,7
030,1907,6
030,1908,7
030,1909,7
030,1910,7
030,1911,7
030,1912,6
030,1913,8
030,1914,6
030,1915,7
030,1916,6
030,1917,5
030,1918,6
030,1919,7
030,1920,6
030,1921,8
030,1922,7
030,1923,6
030,1924,6
030,1925,7
030,1926,5
030,1927,7
030,1928,7
030,1929,7
030,1930,7
030,1931,8
030,1932,7
030,1933,7
030,1934,6
030,1935,6
030,1936,7
030,1937,7
030,1938,7
030,1939,7
030,1940,6
030,1941,7
030,1942,7
030,1943,6
030,1944,7
030,1945,7
030,1946,7
030,1947,7
030,1948,7
030,1949,8
030,1950,7
030,1951,7
030,1952,7
030,1953,8
030,1954,7
030,1955,7
030,1956,6
030,1957,7
030,1958,6
030,1959,7
030,1960,7
030,1961,7
030,1962,6
030,1963,6
030,1964,7
030,1965,6
030,1966,7
030,1967,6
030,1968,6
030,1969,7
030,1970,7
030,1971,7
030,1972,6
030,1973,8
030,1974,7
030,1975,7
030,1976,6
030,1977,7
030,1978,6
030,1979,7
030,1980,6
030,1981,7
030,1982,7
030,1983,7
030,1984,7
030,1985,7
030,1986,7
030,1987,7
030,1988,7
030,1989,6
030,1990,8
030,1991,8
030,1992,6
030,1993,7
030,1994,7
030,1995,7
030,1996,7
030,1997,7
030,1998,9
030,1999,8
030,2000,7
030,2001,8
030,2002,8
030,2003,7
030,2004,7
030,2005,8
030,2006,8
030,2007,7
030,2008,7
030,2009,7
030,2010,8
030,2011,8
030,2012,9
030,2013,7
030,2014,7
030,2015,7
030,2016,8
030,2017,8
030,2018,8
030,2019,7
030,2020,8
030,2021,8
030,2022,8
030,2023,-4
031,1895,13
031,1896,15
031,1897,14
031,1898,14
031,1899,14
031,1900,15
031,1901,13
031,1902,14
031,1903,14
031,1904,13
031,1905,14
031,1906,14
031,1907,14
031,1908,14
031,1909,14
031,1910,14
031,1911,15
031,1912,14
031,1913,15
031,1914,14
031,1915,14
031,1916,14
031,1917,13
031,1918,14
031,1919,15
031,1920,14
031,1921,16
031,1922,15
031,1923,14
031,1924,14
031,1925,15
031,1926,14
031,1927,15
031,1928,14
031,1929,14
031,1930,14
031,1931,15
031,1932,15
031,1933,16
031,1934,14
031,1935,14
031,1936,14
031,1937,14
031,1938,15
031,1939,15
031,1940,14
031,1941,15
031,1942,14
031,1943,14
031,1944,14
031,1945,15
031,1946,15
031,1947,14
031,1948,14
031,1949,16
031,1950,14
031,1951,14
031,1952,15
031,1953,15
031,1954,15
031,1955,14
031,1956,15
031,1957,15
031,1958,13
031,1959,15
031,1960,14
031,1961,14
031,1962,14
031,1963,13
031,1964,14
031,1965,14
031,1966,13
031,1967,14
031,1968,14
031,1969,13
031,1970,14
031,1971,14
031,1972,14
031,1973,14
031,1974,15
031,1975,15
031,1976,14
031,1977,14
031,1978,14
031,1979,14
031,1980,14
031,1981,14
031,1982,14
031,1983,14
031,1984,14
031,1985,15
031,1986,15
031,1987,14
031,1988,14
031,1989,14
031,1990,16
031,1991,16
031,1992,14
031,1993,14
031,1994,15
031,1995,14
031,1996,14
031,1997,14
031,1998,16
031,1999,15
031,2000,14
031,2001,15
031,2002,15
031,2003,14
031,2004,15
031,2005,15
031,2006,15
031,2007,16
031,2008,15
031,2009,14
031,2010,15
031,2011,16
031,2012,16
031,2013,14
031,2014,14
031,2015,16
031,2016,16
031,2017,16
031,2018,16
031,2019,16
031,2020,16
031,2021,16
031,2022,15
031,2023,2
032,1895,3
032,1896,2
032,1897,3
032,1898,3
032,1899,2
032,1900,4
032,1901,4
032,1902,3
032,1903,3
032,1904,2
032,1905,3
032,1906,4
032,1907,2
032,1908,4
032,1909,3
032,1910,4
032,1911,3
032,1912,3
032,1913,4
032,1914,4
032,1915,4
032,1916,2
032,1917,2
032,1918,4
032,1919,3
032,1920,4
032,1921,5
032,1922,4
032,1923,4
032,1924,3
032,1925,4
032,1926,4
032,1927,3
032,1928,4
032,1929,3
032,1930,4
032,1931,7
032,1932,4
032,1933,4
032,1934,6
032,1935,3
032,1936,3
032,1937,3
032,1938,5
032,1939,5
032,1940,4
032,1941,5
032,1942,4
032,1943,4
032,1944,4
032,1945,3
032,1946,4
032,1947,4
032,1948,4
032,1949,4
032,1950,1
032,1951,2
032,1952,4
032,1953,6
032,1954,4
032,1955,3
032,1956,4
032,1957,4
032,1958,4
032,1959,4
032,1960,4
032,1961,5
032,1962,4
032,1963,5
032,1964,4
032,1965,3
032,1966,3
032,1967,4
032,1968,4
032,1969,3
032,1970,3
032,1971,4
032,1972,3
032,1973,5
032,1974,4
032,1975,4
032,1976,5
032,1977,5
032,1978,3
032,1979,3
032,1980,5
032,1981,6
032,1982,3
032,1983,5
032,1984,5
032,1985,3
032,1986,5
032,1987,7
032,1988,6
032,1989,4
032,1990,6
032,1991,6
032,1992,5
032,1993,3
032,1994,4
032,1995,4
032,1996,2
032,1997,4
032,1998,6
032,1999,6
032,2000,5
032,2001,6
032,2002,4
032,2003,4
032,2004,4
032,2005,6
032,2006,6
032,2007,5
032,2008,4
032,2009,3
032,2010,4
032,2011,4
032,2012,7
032,2013,3
032,2014,3
032,2015,6
032,2016,7
032,2017,6
032,2018,4
032,2019,3
032,2020,6
032,2021,6
032,2022,4
032,2023,-7
033,1895,9
033,1896,10
033,1897,10
033,1898,11
033,1899,10
033,1900,11
033,1901,9
033,1902,10
033,1903,9
033,1904,8
033,1905,9
033,1906,10
033,1907,9
033,1908,11
033,1909,10
033,1910,9
033,1911,11
033,1912,9
033,1913,11
033,1914,9
033,1915,9
033,1916,9
033,1917,8
033,1918,10
033,1919,11
033,1920,9
033,1921,12
033,1922,11
033,1923,10
033,1924,9
033,1925,10
033,1926,9
033,1927,10
033,1928,9
033,1929,9
033,1930,11
033,1931,11
033,1932,11
033,1933,11
033,1934,10
033,1935,9
033,1936,10
033,1937,9
033,1938,11
033,1939,11
033,1940,9
033,1941,11
033,1942,10
033,1943,9
033,1944,11
033,1945,9
033,1946,11
033,1947,9
033,1948,10
033,1949,11
033,1950,9
033,1951,10
033,1952,11
033,1953,11
033,1954,11
033,1955,11
033,1956,10
033,1957,10
033,1958,9
033,1959,11
033,1960,9
033,1961,10
033,1962,9
033,1963,9
033,1964,10
033,1965,10
033,1966,9
033,1967,9
033,1968,9
033,1969,9
033,1970,10
033,1971,10
033,1972,9
033,1973,11
033,1974,10
033,1975,11
033,1976,9
033,1977,10
033,1978,9
033,1979,9
033,1980,9
033,1981,9
033,1982,10
033,1983,11
033,1984,10
033,1985,10
033,1986,11
033,1987,11
033,1988,10
033,1989,9
033,1990,11
033,1991,12
033,1992,10
033,1993,10
033,1994,10
033,1995,10
033,1996,9
033,1997,9
033,1998,12
033,1999,11
033,2000,10
033,2001,11
033,2002,11
033,2003,10
033,2004,11
033,2005,11
033,2006,11
033,2007,11
033,2008,10
033,2009,10
033,2010,11
033,2011,11
033,2012,12
033,2013,10
033,2014,9
033,2015,11
033,2016,12
033,2017,12
033,2018,11
033,2019,11
033,2020,12
033,2021,12
033,2022,11
033,2023,-1
034,1895,14
034,1896,16
034,1897,15
034,1898,14
034,1899,14
034,1900,16
034,1901,16
034,1902,15
034,1903,14
034,1904,15
034,1905,14
034,1906,14
034,1907,16
034,1908,15
034,1909,16
034,1910,16
034,1911,16
034,1912,14
034,1913,15
034,1914,15
034,1915,14
034,1916,15
034,1917,14
034,1918,15
034,1919,14
034,1920,14
034,1921,17
034,1922,16
034,1923,16
034,1924,14
034,1925,16
034,1926,15
034,1927,16
034,1928,15
034,1929,14
034,1930,15
034,1931,16
034,1932,15
034,1933,17
034,1934,17
034,1935,15
034,1936,16
034,1937,15
034,1938,16
034,1939,16
034,1940,14
034,1941,16
034,1942,15
034,1943,16
034,1944,15
034,1945,15
034,1946,16
034,1947,15
034,1948,14
034,1949,14
034,1950,14
034,1951,15
034,1952,16
034,1953,16
034,1954,17
034,1955,16
034,1956,16
034,1957,15
034,1958,14
034,1959,14
034,1960,14
034,1961,14
034,1962,15
034,1963,16
034,1964,16
034,1965,16
034,1966,14
034,1967,15
034,1968,14
034,1969,15
034,1970,15
034,1971,15
034,1972,15
034,1973,15
034,1974,15
034,1975,14
034,1976,14
034,1977,16
034,1978,14
034,1979,14
034,1980,16
034,1981,16
034,1982,14
034,1983,14
034,1984,15
034,1985,14
034,1986,16
034,1987,15
034,1988,15
034,1989,14
034,1990,16
034,1991,16
034,1992,15
034,1993,14
034,1994,15
034,1995,15
034,1996,14
034,1997,14
034,1998,17
034,1999,16
034,2000,16
034,2001,16
034,2002,15
034,2003,15
034,2004,16
034,2005,16
034,2006,17
034,2007,16
034,2008,15
034,2009,15
034,2010,16
034,2011,16
034,2012,17
034,2013,14
034,2014,14
034,2015,16
034,2016,17
034,2017,16
034,2018,16
034,2019,15
034,2020,16
034,2021,16
034,2022,16
034,2023,3
035,1895,7
035,1896,7
035,1897,7
035,1898,7
035,1899,7
035,1900,8
035,1901,7
035,1902,7
035,1903,7
035,1904,8
035,1905,7
035,1906,8
035,1907,8
035,1908,7
035,1909,7
035,1910,8
035,1911,7
035,1912,7
035,1913,7
035,1914,8
035,1915,8
035,1916,6
035,1917,7
035,1918,8
035,1919,7
035,1920,7
035,1921,8
035,1922,7
035,1923,7
035,1924,7
035,1925,8
035,1926,9
035,1927,7
035,1928,8
035,1929,7
035,1930,7
035,1931,8
035,1932,7
035,1933,8
035,1934,9
035,1935,7
035,1936,8
035,1937,8
035,1938,8
035,1939,9
035,1940,9
035,1941,8
035,1942,8
035,1943,8
035,1944,7
035,1945,8
035,1946,8
035,1947,8
035,1948,7
035,1949,7
035,1950,8
035,1951,8
035,1952,8
035,1953,8
035,1954,8
035,1955,7
035,1956,8
035,1957,7
035,1958,9
035,1959,8
035,1960,8
035,1961,8
035,1962,8
035,1963,8
035,1964,7
035,1965,8
035,1966,8
035,1967,8
035,1968,8
035,1969,8
035,1970,8
035,1971,7
035,1972,8
035,1973,8
035,1974,8
035,1975,7
035,1976,8
035,1977,8
035,1978,8
035,1979,8
035,1980,8
035,1981,8
035,1982,7
035,1983,8
035,1984,7
035,1985,7
035,1986,9
035,1987,9
035,1988,8
035,1989,8
035,1990,8
035,1991,8
035,1992,9
035,1993,7
035,1994,8
035,1995,9
035,1996,8
035,1997,8
035,1998,8
035,1999,8
035,2000,8
035,2001,8
035,2002,8
035,2003,9
035,2004,9
035,2005,8
035,2006,8
035,2007,8
035,2008,8
035,2009,8
035,2010,8
035,2011,8
035,2012,9
035,2013,8
035,2014,9
035,2015,10
035,2016,9
035,2017,9
035,2018,9
035,2019,8
035,2020,9
035,2021,9
035,2022,9
035,2023,-4
036,1895,8
036,1896,9
036,1897,8
036,1898,9
036,1899,8
036,1900,9
036,1901,8
036,1902,8
036,1903,8
036,1904,7
036,1905,8
036,1906,9
036,1907,8
036,1908,9
036,1909,8
036,1910,8
036,1911,9
036,1912,8
036,1913,9
036,1914,8
036,1915,8
036,1916,8
036,1917,7
036,1918,9
036,1919,9
036,1920,8
036,1921,10
036,1922,9
036,1923,8
036,1924,8
036,1925,8
036,1926,8
036,1927,9
036,1928,8
036,1929,8
036,1930,9
036,1931,10
036,1932,9
036,1933,9
036,1934,9
036,1935,8
036,1936,8
036,1937,9
036,1938,9
036,1939,9
036,1940,8
036,1941,9
036,1942,9
036,1943,8
036,1944,9
036,1945,9
036,1946,9
036,1947,9
036,1948,9
036,1949,10
036,1950,8
036,1951,9
036,1952,9
036,1953,10
036,1954,9
036,1955,9
036,1956,8
036,1957,9
036,1958,8
036,1959,9
036,1960,8
036,1961,8
036,1962,8
036,1963,8
036,1964,9
036,1965,8
036,1966,8
036,1967,8
036,1968,8
036,1969,8
036,1970,9
036,1971,9
036,1972,8
036,1973,9
036,1974,9
036,1975,9
036,1976,8
036,1977,8
036,1978,8
036,1979,8
036,1980,8
036,1981,8
036,1982,8
036,1983,9
036,1984,9
036,1985,9
036,1986,9
036,1987,9
036,1988,9
036,1989,8
036,1990,10
036,1991,10
036,1992,8
036,1993,9
036,1994,9
036,1995,9
036,1996,8
036,1997,8
036,1998,11
036,1999,9
036,2000,9
036,2001,9
036,2002,10
036,2003,8
036,2004,9
036,2005,9
036,2006,10
036,2007,9
036,2008,9
036,2009,9
036,2010,10
036,2011,10
036,2012,11
036,2013,9
036,2014,8
036,2015,9
036,2016,10
036,2017,10
036,2018,9
036,2019,9
036,2020,11
036,2021,11
036,2022,9
036,2023,-2
037,1895,8
037,1896,8
037,1897,8
037,1898,9
037,1899,8
037,1900,9
037,1901,8
037,1902,8
037,1903,8
037,1904,7
037,1905,8
037,1906,8
037,1907,8
037,1908,9
037,1909,8
037,1910,8
037,1911,8
037,1912,8
037,1913,9
037,1914,8
037,1915,9
037,1916,8
037,1917,7
037,1918,8
037,1919,9
037,1920,8
037,1921,9
037,1922,9
037,1923,8
037,1924,8
037,1925,9
037,1926,7
037,1927,9
037,1928,9
037,1929,9
037,1930,9
037,1931,10
037,1932,9
037,1933,9
037,1934,8
037,1935,8
037,1936,8
037,1937,9
037,1938,9
037,1939,9
037,1940,8
037,1941,9
037,1942,9
037,1943,8
037,1944,9
037,1945,9
037,1946,9
037,1947,9
037,1948,9
037,1949,11
037,1950,9
037,1951,9
037,1952,10
037,1953,11
037,1954,9
037,1955,9
037,1956,9
037,1957,9
037,1958,8
037,1959,9
037,1960,9
037,1961,9
037,1962,8
037,1963,9
037,1964,9
037,1965,9
037,1966,9
037,1967,8
037,1968,9
037,1969,9
037,1970,9
037,1971,9
037,1972,9
037,1973,10
037,1974,9
037,1975,9
037,1976,9
037,1977,9
037,1978,8
037,1979,9
037,1980,9
037,1981,9
037,1982,9
037,1983,10
037,1984,9
037,1985,9
037,1986,9
037,1987,9
037,1988,9
037,1989,9
037,1990,11
037,1991,11
037,1992,9
037,1993,9
037,1994,9
037,1995,9
037,1996,9
037,1997,9
037,1998,11
037,1999,11
037,2000,9
037,2001,11
037,2002,11
037,2003,9
037,2004,9
037,2005,10
037,2006,11
037,2007,10
037,2008,10
037,2009,9
037,2010,11
037,2011,11
037,2012,11
037,2013,10
037,2014,9
037,2015,10
037,2016,11
037,2017,11
037,2018,11
037,2019,10
037,2020,11
037,2021,11
037,2022,11
037,2023,-2
038,1895,16
038,1896,17
038,1897,17
038,1898,17
038,1899,17
038,1900,17
038,1901,16
038,1902,17
038,1903,16
038,1904,16
038,1905,16
038,1906,17
038,1907,17
038,1908,17
038,1909,17
038,1910,16
038,1911,17
038,1912,16
038,1913,17
038,1914,16
038,1915,16
038,1916,17
038,1917,16
038,1918,17
038,1919,17
038,1920,16
038,1921,18
038,1922,17
038,1923,17
038,1924,16
038,1925,17
038,1926,17
038,1927,17
038,1928,16
038,1929,17
038,1930,17
038,1931,17
038,1932,17
038,1933,18
038,1934,17
038,1935,17
038,1936,17
038,1937,17
038,1938,17
038,1939,17
038,1940,16
038,1941,17
038,1942,17
038,1943,17
038,1944,17
038,1945,17
038,1946,17
038,1947,16
038,1948,17
038,1949,17
038,1950,17
038,1951,17
038,1952,17
038,1953,17
038,1954,17
038,1955,17
038,1956,17
038,1957,17
038,1958,16
038,1959,17
038,1960,16
038,1961,16
038,1962,16
038,1963,16
038,1964,16
038,1965,17
038,1966,16
038,1967,16
038,1968,16
038,1969,16
038,1970,17
038,1971,17
038,1972,17
038,1973,17
038,1974,17
038,1975,17
038,1976,16
038,1977,17
038,1978,16
038,1979,16
038,1980,16
038,1981,16
038,1982,17
038,1983,16
038,1984,17
038,1985,17
038,1986,18
038,1987,17
038,1988,16
038,1989,17
038,1990,18
038,1991,17
038,1992,16
038,1993,17
038,1994,17
038,1995,17
038,1996,16
038,1997,17
038,1998,18
038,1999,17
038,2000,17
038,2001,17
038,2002,17
038,2003,17
038,2004,17
038,2005,17
038,2006,17
038,2007,18
038,2008,17
038,2009,17
038,2010,17
038,2011,18
038,2012,18
038,2013,17
038,2014,17
038,2015,18
038,2016,18
038,2017,18
038,2018,18
038,2019,18
038,2020,18
038,2021,17
038,2022,17
038,2023,3
039,1895,6
039,1896,6
039,1897,6
039,1898,6
039,1899,5
039,1900,8
039,1901,7
039,1902,6
039,1903,6
039,1904,6
039,1905,6
039,1906,6
039,1907,6
039,1908,7
039,1909,6
039,1910,7
039,1911,7
039,1912,6
039,1913,7
039,1914,7
039,1915,6
039,1916,5
039,1917,4
039,1918,7
039,1919,6
039,1920,6
039,1921,8
039,1922,6
039,1923,7
039,1924,6
039,1925,7
039,1926,7
039,1927,6
039,1928,7
039,1929,6
039,1930,7
039,1931,9
039,1932,6
039,1933,8
039,1934,9
039,1935,7
039,1936,6
039,1937,6
039,1938,8
039,1939,8
039,1940,7
039,1941,8
039,1942,7
039,1943,7
039,1944,7
039,1945,6
039,1946,7
039,1947,7
039,1948,7
039,1949,7
039,1950,4
039,1951,4
039,1952,7
039,1953,8
039,1954,8
039,1955,7
039,1956,7
039,1957,7
039,1958,7
039,1959,7
039,1960,6
039,1961,7
039,1962,7
039,1963,8
039,1964,7
039,1965,6
039,1966,6
039,1967,7
039,1968,7
039,1969,6
039,1970,6
039,1971,6
039,1972,6
039,1973,7
039,1974,7
039,1975,6
039,1976,8
039,1977,7
039,1978,6
039,1979,6
039,1980,8
039,1981,8
039,1982,6
039,1983,7
039,1984,7
039,1985,6
039,1986,7
039,1987,9
039,1988,8
039,1989,7
039,1990,8
039,1991,8
039,1992,7
039,1993,6
039,1994,7
039,1995,7
039,1996,5
039,1997,7
039,1998,8
039,1999,8
039,2000,7
039,2001,8
039,2002,8
039,2003,8
039,2004,8
039,2005,8
039,2006,9
039,2007,8
039,2008,6
039,2009,6
039,2010,7
039,2011,7
039,2012,9
039,2013,7
039,2014,6
039,2015,8
039,2016,9
039,2017,8
039,2018,7
039,2019,6
039,2020,8
039,2021,9
039,2022,7
039,2023,-4
040,1895,13
040,1896,14
040,1897,14
040,1898,14
040,1899,14
040,1900,14
040,1901,13
040,1902,14
040,1903,13
040,1904,13
040,1905,13
040,1906,14
040,1907,14
040,1908,14
040,1909,14
040,1910,13
040,1911,15
040,1912,13
040,1913,14
040,1914,14
040,1915,14
040,1916,14
040,1917,13
040,1918,14
040,1919,14
040,1920,13
040,1921,16
040,1922,15
040,1923,14
040,1924,13
040,1925,15
040,1926,14
040,1927,15
040,1928,14
040,1929,14
040,1930,14
040,1931,15
040,1932,14
040,1933,15
040,1934,14
040,1935,14
040,1936,14
040,1937,14
040,1938,15
040,1939,14
040,1940,13
040,1941,14
040,1942,14
040,1943,14
040,1944,14
040,1945,14
040,1946,14
040,1947,13
040,1948,14
040,1949,14
040,1950,14
040,1951,14
040,1952,14
040,1953,14
040,1954,15
040,1955,14
040,1956,14
040,1957,14
040,1958,13
040,1959,14
040,1960,13
040,1961,13
040,1962,14
040,1963,13
040,1964,14
040,1965,14
040,1966,13
040,1967,13
040,1968,13
040,1969,13
040,1970,14
040,1971,14
040,1972,14
040,1973,14
040,1974,14
040,1975,14
040,1976,13
040,1977,14
040,1978,13
040,1979,13
040,1980,14
040,1981,13
040,1982,14
040,1983,13
040,1984,14
040,1985,14
040,1986,14
040,1987,14
040,1988,13
040,1989,13
040,1990,15
040,1991,15
040,1992,13
040,1993,14
040,1994,14
040,1995,14
040,1996,13
040,1997,13
040,1998,16
040,1999,15
040,2000,14
040,2001,14
040,2002,14
040,2003,14
040,2004,14
040,2005,14
040,2006,14
040,2007,15
040,2008,14
040,2009,14
040,2010,14
040,2011,14
040,2012,16
040,2013,14
040,2014,13
040,2015,15
040,2016,16
040,2017,15
040,2018,15
040,2019,15
040,2020,15
040,2021,15
040,2022,14
040,2023,2
041,1895,17
041,1896,18
041,1897,18
041,1898,17
041,1899,18
041,1900,18
041,1901,18
041,1902,18
041,1903,17
041,1904,18
041,1905,17
041,1906,17
041,1907,18
041,1908,18
041,1909,18
041,1910,18
041,1911,18
041,1912,17
041,1913,17
041,1914,17
041,1915,17
041,1916,18
041,1917,18
041,1918,18
041,1919,17
041,1920,17
041,1921,19
041,1922,18
041,1923,18
041,1924,17
041,1925,18
041,1926,17
041,1927,19
041,1928,18
041,1929,17
041,1930,18
041,1931,18
041,1932,17
041,1933,19
041,1934,19
041,1935,18
041,1936,18
041,1937,18
041,1938,18
041,1939,18
041,1940,17
041,1941,18
041,1942,17
041,1943,18
041,1944,18
041,1945,18
041,1946,18
041,1947,18
041,1948,18
041,1949,18
041,1950,18
041,1951,18
041,1952,18
041,1953,18
041,1954,19
041,1955,18
041,1956,18
041,1957,18
041,1958,17
041,1959,17
041,1960,17
041,1961,17
041,1962,18
041,1963,18
041,1964,18
041,1965,18
041,1966,17
041,1967,18
041,1968,17
041,1969,18
041,1970,17
041,1971,18
041,1972,18
041,1973,17
041,1974,18
041,1975,17
041,1976,17
041,1977,18
041,1978,17
041,1979,17
041,1980,18
041,1981,18
041,1982,18
041,1983,17
041,1984,18
041,1985,18
041,1986,18
041,1987,17
041,1988,18
041,1989,18
041,1990,18
041,1991,18
041,1992,18
041,1993,18
041,1994,18
041,1995,18
041,1996,18
041,1997,17
041,1998,19
041,1999,19
041,2000,19
041,2001,18
041,2002,18
041,2003,18
041,2004,18
041,2005,18
041,2006,19
041,2007,18
041,2008,18
041,2009,18
041,2010,18
041,2011,19
041,2012,19
041,2013,18
041,2014,18
041,2015,18
041,2016,19
041,2017,19
041,2018,19
041,2019,18
041,2020,19
041,2021,19
041,2022,19
041,2023,6
042,1895,7
042,1896,8
042,1897,7
042,1898,7
042,1899,8
042,1900,9
042,1901,8
042,1902,8
042,1903,7
042,1904,8
042,1905,8
042,1906,8
042,1907,8
042,1908,7
042,1909,8
042,1910,9
042,1911,8
042,1912,7
042,1913,7
042,1914,8
042,1915,8
042,1916,7
042,1917,7
042,1918,8
042,1919,8
042,1920,8
042,1921,9
042,1922,8
042,1923,7
042,1924,8
042,1925,8
042,1926,9
042,1927,8
042,1928,8
042,1929,8
042,1930,8
042,1931,8
042,1932,7
042,1933,8
042,1934,11
042,1935,8
042,1936,9
042,1937,8
042,1938,9
042,1939,9
042,1940,9
042,1941,8
042,1942,8
042,1943,9
042,1944,8
042,1945,8
042,1946,9
042,1947,8
042,1948,8
042,1949,7
042,1950,8
042,1951,8
042,1952,8
042,1953,9
042,1954,9
042,1955,8
042,1956,8
042,1957,8
042,1958,9
042,1959,9
042,1960,9
042,1961,8
042,1962,8
042,1963,9
042,1964,8
042,1965,8
042,1966,9
042,1967,8
042,1968,8
042,1969,9
042,1970,8
042,1971,8
042,1972,9
042,1973,8
042,1974,8
042,1975,7
042,1976,8
042,1977,9
042,1978,8
042,1979,8
042,1980,9
042,1981,10
042,1982,8
042,1983,8
042,1984,7
042,1985,8
042,1986,9
042,1987,9
042,1988,9
042,1989,9
042,1990,9
042,1991,8
042,1992,9
042,1993,8
042,1994,9
042,1995,9
042,1996,9
042,1997,9
042,1998,9
042,1999,9
042,2000,10
042,2001,9
042,2002,9
042,2003,10
042,2004,9
042,2005,9
042,2006,9
042,2007,9
042,2008,9
042,2009,9
042,2010,9
042,2011,8
042,2012,10
042,2013,8
042,2014,10
042,2015,10
042,2016,10
042,2017,10
042,2018,10
042,2019,8
042,2020,10
042,2021,10
042,2022,9
042,2023,-4
043,1895,4
043,1896,4
043,1897,5
043,1898,6
043,1899,5
043,1900,5
043,1901,4
043,1902,4
043,1903,4
043,1904,3
043,1905,4
043,1906,4
043,1907,3
043,1908,5
043,1909,4
043,1910,4
043,1911,5
043,1912,4
043,1913,6
043,1914,4
043,1915,6
043,1916,4
043,1917,3
043,1918,4
043,1919,5
043,1920,4
043,1921,6
043,1922,5
043,1923,4
043,1924,4
043,1925,4
043,1926,3
043,1927,5
043,1928,5
043,1929,4
043,1930,6
043,1931,6
043,1932,6
043,1933,5
043,1934,4
043,1935,4
043,1936,4
043,1937,6
043,1938,6
043,1939,4
043,1940,4
043,1941,5
043,1942,6
043,1943,4
043,1944,5
043,1945,5
043,1946,6
043,1947,5
043,1948,5
043,1949,7
043,1950,5
043,1951,6
043,1952,6
043,1953,7
043,1954,5
043,1955,5
043,1956,4
043,1957,6
043,1958,4
043,1959,6
043,1960,5
043,1961,5
043,1962,4
043,1963,4
043,1964,5
043,1965,4
043,1966,5
043,1967,4
043,1968,4
043,1969,5
043,1970,5
043,1971,5
043,1972,4
043,1973,6
043,1974,5
043,1975,6
043,1976,4
043,1977,5
043,1978,4
043,1979,6
043,1980,4
043,1981,6
043,1982,5
043,1983,6
043,1984,6
043,1985,5
043,1986,5
043,1987,6
043,1988,5
043,1989,4
043,1990,7
043,1991,6
043,1992,4
043,1993,5
043,1994,5
043,1995,6
043,1996,5
043,1997,5
043,1998,7
043,1999,7
043,2000,5
043,2001,6
043,2002,6
043,2003,5
043,2004,5
043,2005,6
043,2006,7
043,2007,6
043,2008,6
043,2009,6
043,2010,7
043,2011,7
043,2012,7
043,2013,6
043,2014,5
043,2015,6
043,2016,7
043,2017,6
043,2018,6
043,2019,5
043,2020,7
043,2021,7
043,2022,7
043,2023,-5
044,1895,12
044,1896,13
044,1897,13
044,1898,13
044,1899,12
044,1900,13
044,1901,12
044,1902,12
044,1903,12
044,1904,11
044,1905,12
044,1906,13
044,1907,12
044,1908,12
044,1909,12
044,1910,12
044,1911,13
044,1912,12
044,1913,13
044,1914,12
044,1915,12
044,1916,12
044,1917,11
044,1918,12
044,1919,13
044,1920,12
044,1921,14
044,1922,13
044,1923,12
044,1924,12
044,1925,13
044,1926,12
044,1927,13
044,1928,12
044,1929,12
044,1930,13
044,1931,13
044,1932,13
044,1933,13
044,1934,12
044,1935,12
044,1936,12
044,1937,12
044,1938,13
044,1939,13
044,1940,12
044,1941,13
044,1942,13
044,1943,13
044,1944,12
044,1945,13
044,1946,13
044,1947,12
044,1948,13
044,1949,13
044,1950,12
044,1951,13
044,1952,13
044,1953,13
044,1954,13
044,1955,12
044,1956,13
044,1957,13
044,1958,11
044,1959,13
044,1960,12
044,1961,12
044,1962,12
044,1963,12
044,1964,12
044,1965,12
044,1966,12
044,1967,12
044,1968,12
044,1969,12
044,1970,12
044,1971,12
044,1972,12
044,1973,13
044,1974,13
044,1975,13
044,1976,12
044,1977,12
044,1978,12
044,1979,12
044,1980,12
044,1981,12
044,1982,12
044,1983,12
044,1984,13
044,1985,13
044,1986,13
044,1987,13
044,1988,12
044,1989,12
044,1990,14
044,1991,13
044,1992,12
044,1993,13
044,1994,13
044,1995,12
044,1996,12
044,1997,12
044,1998,14
044,1999,13
044,2000,12
044,2001,13
044,2002,13
044,2003,12
044,2004,13
044,2005,13
044,2006,13
044,2007,13
044,2008,13
044,2009,13
044,2010,13
044,2011,13
044,2012,14
044,2013,13
044,2014,12
044,2015,13
044,2016,14
044,2017,14
044,2018,13
044,2019,14
044,2020,14
044,2021,14
044,2022,13
044,2023,1
045,1895,7
045,1896,7
045,1897,7
045,1898,7
045,1899,7
045,1900,8
045,1901,7
045,1902,7
045,1903,7
045,1904,8
045,1905,7
045,1906,8
045,1907,7
045,1908,7
045,1909,7
045,1910,8
045,1911,7
045,1912,7
045,1913,7
045,1914,8
045,1915,8
045,1916,6
045,1917,7
045,1918,8
045,1919,7
045,1920,7
045,1921,7
045,1922,7
045,1923,8
045,1924,7
045,1925,8
045,1926,8
045,1927,7
045,1928,8
045,1929,7
045,1930,7
045,1931,8
045,1932,7
045,1933,7
045,1934,9
045,1935,7
045,1936,7
045,1937,7
045,1938,8
045,1939,8
045,1940,9
045,1941,8
045,1942,8
045,1943,7
045,1944,8
045,1945,8
045,1946,7
045,1947,8
045,1948,7
045,1949,7
045,1950,7
045,1951,7
045,1952,8
045,1953,8
045,1954,7
045,1955,6
045,1956,7
045,1957,7
045,1958,9
045,1959,7
045,1960,7
045,1961,8
045,1962,8
045,1963,8
045,1964,7
045,1965,8
045,1966,8
045,1967,8
045,1968,8
045,1969,7
045,1970,7
045,1971,7
045,1972,7
045,1973,8
045,1974,8
045,1975,7
045,1976,7
045,1977,8
045,1978,7
045,1979,8
045,1980,8
045,1981,8
045,1982,7
045,1983,8
045,1984,7
045,1985,6
045,1986,8
045,1987,9
045,1988,8
045,1989,8
045,1990,8
045,1991,8
045,1992,9
045,1993,7
045,1994,8
045,1995,8
045,1996,7
045,1997,8
045,1998,9
045,1999,8
045,2000,8
045,2001,8
045,2002,8
045,2003,9
045,2004,9
045,2005,8
045,2006,8
045,2007,8
045,2008,7
045,2009,8
045,2010,8
045,2011,7
045,2012,8
045,2013,8
045,2014,9
045,2015,9
045,2016,9
045,2017,8
045,2018,9
045,2019,8
045,2020,9
045,2021,9
045,2022,8
045,2023,-4
046,1895,10
046,1896,11
046,1897,11
046,1898,11
046,1899,11
046,1900,12
046,1901,10
046,1902,11
046,1903,11
046,1904,10
046,1905,11
046,1906,11
046,1907,10
046,1908,11
046,1909,11
046,1910,11
046,1911,12
046,1912,10
046,1913,11
046,1914,10
046,1915,11
046,1916,11
046,1917,9
046,1918,11
046,1919,11
046,1920,10
046,1921,12
046,1922,11
046,1923,11
046,1924,9
046,1925,11
046,1926,10
046,1927,11
046,1928,10
046,1929,11
046,1930,11
046,1931,12
046,1932,11
046,1933,11
046,1934,11
046,1935,11
046,1936,11
046,1937,11
046,1938,12
046,1939,11
046,1940,10
046,1941,11
046,1942,11
046,1943,11
046,1944,11
046,1945,11
046,1946,12
046,1947,11
046,1948,11
046,1949,12
046,1950,11
046,1951,11
046,1952,11
046,1953,12
046,1954,11
046,1955,11
046,1956,11
046,1957,11
046,1958,9
046,1959,11
046,1960,10
046,1961,10
046,1962,10
046,1963,9
046,1964,11
046,1965,11
046,1966,10
046,1967,10
046,1968,10
046,1969,10
046,1970,11
046,1971,11
046,1972,10
046,1973,11
046,1974,11
046,1975,11
046,1976,9
046,1977,10
046,1978,9
046,1979,10
046,1980,10
046,1981,10
046,1982,11
046,1983,11
046,1984,11
046,1985,11
046,1986,11
046,1987,11
046,1988,10
046,1989,10
046,1990,12
046,1991,12
046,1992,11
046,1993,11
046,1994,11
046,1995,11
046,1996,10
046,1997,10
046,1998,12
046,1999,12
046,2000,11
046,2001,11
046,2002,12
046,2003,11
046,2004,11
046,2005,11
046,2006,12
046,2007,12
046,2008,11
046,2009,11
046,2010,11
046,2011,12
046,2012,12
046,2013,11
046,2014,10
046,2015,12
046,2016,12
046,2017,12
046,2018,12
046,2019,12
046,2020,12
046,2021,12
046,2022,11
046,2023,-1
047,1895,5
047,1896,6
047,1897,5
047,1898,6
047,1899,5
047,1900,6
047,1901,6
047,1902,6
047,1903,5
047,1904,4
047,1905,5
047,1906,6
047,1907,4
047,1908,6
047,1909,5
047,1910,6
047,1911,6
047,1912,4
047,1913,6
047,1914,6
047,1915,6
047,1916,4
047,1917,3
047,1918,6
047,1919,6
047,1920,5
047,1921,7
047,1922,6
047,1923,6
047,1924,4
047,1925,5
047,1926,4
047,1927,5
047,1928,6
047,1929,4
047,1930,6
047,1931,8
047,1932,6
047,1933,6
047,1934,6
047,1935,5
047,1936,5
047,1937,5
047,1938,6
047,1939,6
047,1940,5
047,1941,7
047,1942,6
047,1943,5
047,1944,6
047,1945,5
047,1946,6
047,1947,6
047,1948,6
047,1949,6
047,1950,4
047,1951,4
047,1952,6
047,1953,7
047,1954,6
047,1955,6
047,1956,6
047,1957,6
047,1958,6
047,1959,5
047,1960,6
047,1961,6
047,1962,5
047,1963,6
047,1964,6
047,1965,5
047,1966,5
047,1967,4
047,1968,6
047,1969,5
047,1970,6
047,1971,6
047,1972,4
047,1973,7
047,1974,6
047,1975,6
047,1976,5
047,1977,6
047,1978,4
047,1979,4
047,1980,6
047,1981,6
047,1982,5
047,1983,6
047,1984,6
047,1985,5
047,1986,6
047,1987,8
047,1988,6
047,1989,5
047,1990,7
047,1991,6
047,1992,6
047,1993,5
047,1994,6
047,1995,6
047,1996,4
047,1997,6
047,1998,8
047,1999,7
047,2000,6
047,2001,7
047,2002,7
047,2003,6
047,2004,6
047,2005,7
047,2006,7
047,2007,7
047,2008,5
047,2009,6
047,2010,7
047,2011,7
047,2012,8
047,2013,5
047,2014,4
047,2015,7
047,2016,8
047,2017,7
047,2018,6
047,2019,6
047,2020,7
047,2021,7
047,2022,6
047,2023,-4
048,1895,3
048,1896,4
048,1897,4
048,1898,4
048,1899,3
048,1900,6
048,1901,5
048,1902,4
048,1903,3
048,1904,5
048,1905,4
048,1906,4
048,1907,4
048,1908,4
048,1909,4
048,1910,6
048,1911,4
048,1912,3
048,1913,4
048,1914,4
048,1915,4
048,1916,3
048,1917,3
048,1918,4
048,1919,4
048,1920,4
048,1921,6
048,1922,4
048,1923,4
048,1924,3
048,1925,5
048,1926,5
048,1927,4
048,1928,4
048,1929,3
048,1930,4
048,1931,5
048,1932,4
048,1933,5
048,1934,7
048,1935,5
048,1936,5
048,1937,4
048,1938,5
048,1939,6
048,1940,6
048,1941,5
048,1942,4
048,1943,5
048,1944,4
048,1945,4
048,1946,5
048,1947,4
048,1948,4
048,1949,4
048,1950,4
048,1951,3
048,1952,4
048,1953,6
048,1954,6
048,1955,4
048,1956,5
048,1957,4
048,1958,5
048,1959,4
048,1960,5
048,1961,4
048,1962,5
048,1963,6
048,1964,4
048,1965,4
048,1966,5
048,1967,4
048,1968,4
048,1969,5
048,1970,4
048,1971,4
048,1972,4
048,1973,4
048,1974,5
048,1975,4
048,1976,5
048,1977,6
048,1978,4
048,1979,4
048,1980,5
048,1981,6
048,1982,4
048,1983,4
048,1984,4
048,1985,4
048,1986,6
048,1987,6
048,1988,6
048,1989,5
048,1990,5
048,1991,5
048,1992,6
048,1993,3
048,1994,6
048,1995,5
048,1996,5
048,1997,5
048,1998,6
048,1999,6
048,2000,6
048,2001,6
048,2002,5
048,2003,6
048,2004,6
048,2005,6
048,2006,6
048,2007,6
048,2008,4
048,2009,4
048,2010,5
048,2011,5
048,2012,7
048,2013,5
048,2014,6
048,2015,7
048,2016,6
048,2017,6
048,2018,6
048,2019,4
048,2020,6
048,2021,6
048,2022,5
048,2023,-7
050,1925,-4
050,1926,-2
050,1927,-5
050,1928,-3
050,1929,-3
050,1930,-4
050,1931,-3
050,1932,-5
050,1933,-6
050,1934,-3
050,1935,-4
050,1936,-3
050,1937,-3
050,1938,-3
050,1939,-4
050,1940,-2
050,1941,-3
050,1942,-3
050,1943,-3
050,1944,-3
050,1945,-4
050,1946,-4
050,1947,-4
050,1948,-5
050,1949,-4
050,1950,-3
050,1951,-4
050,1952,-4
050,1953,-3
050,1954,-4
050,1955,-5
050,1956,-6
050,1957,-2
050,1958,-3
050,1959,-4
050,1960,-3
050,1961,-5
050,1962,-3
050,1963,-3
050,1964,-5
050,1965,-4
050,1966,-5
050,1967,-3
050,1968,-4
050,1969,-3
050,1970,-4
050,1971,-6
050,1972,-5
050,1973,-4
050,1974,-5
050,1975,-5
050,1976,-4
050,1977,-3
050,1978,-2
050,1979,-3
050,1980,-3
050,1981,-2
050,1982,-4
050,1983,-3
050,1984,-4
050,1985,-3
050,1986,-3
050,1987,-3
050,1988,-3
050,1989,-3
050,1990,-4
050,1991,-3
050,1992,-4
050,1993,-2
050,1994,-3
050,1995,-3
050,1996,-4
050,1997,-2
050,1998,-2
050,1999,-4
050,2000,-2
050,2001,-3
050,2002,-1
050,2003,-2
050,2004,-2
050,2005,-2
050,2006,-3
050,2007,-2
050,2008,-4
050,2009,-3
050,2010,-3
050,2011,-3
050,2012,-4
050,2013,-3
050,2014,-1
050,2015,-1
050,2016,-1
050,2017,-2
050,2018,-1
050,2019,0
050,2020,-3
050,2021,-3
050,2022,-2
050,2023,-13
