state,year,max
001,1895,32
001,1896,34
001,1897,34
001,1898,33
001,1899,33
001,1900,34
001,1901,35
001,1902,36
001,1903,33
001,1904,33
001,1905,33
001,1906,33
001,1907,33
001,1908,33
001,1909,33
001,1910,33
001,1911,34
001,1912,32
001,1913,34
001,1914,36
001,1915,33
001,1916,33
001,1917,32
001,1918,33
001,1919,32
001,1920,32
001,1921,34
001,1922,33
001,1923,32
001,1924,34
001,1925,36
001,1926,32
001,1927,33
001,1928,33
001,1929,34
001,1930,36
001,1931,34
001,1932,34
001,1933,33
001,1934,33
001,1935,33
001,1936,34
001,1937,33
001,1938,33
001,1939,33
001,1940,32
001,1941,32
001,1942,33
001,1943,34
001,1944,34
001,1945,32
001,1946,31
001,1947,33
001,1948,33
001,1949,32
001,1950,32
001,1951,35
001,1952,35
001,1953,33
001,1954,36
001,1955,33
001,1956,34
001,1957,33
001,1958,32
001,1959,33
001,1960,34
001,1961,32
001,1962,34
001,1963,33
001,1964,32
001,1965,32
001,1966,33
001,1967,31
001,1968,33
001,1969,33
001,1970,33
001,1971,32
001,1972,32
001,1973,32
001,1974,32
001,1975,31
001,1976,32
001,1977,34
001,1978,33
001,1979,32
001,1980,34
001,1981,34
001,1982,32
001,1983,34
001,1984,32
001,1985,32
001,1986,34
001,1987,33
001,1988,33
001,1989,32
001,1990,34
001,1991,32
001,1992,32
001,1993,34
001,1994,31
001,1995,33
001,1996,32
001,1997,32
001,1998,33
001,1999,34
001,2000,34
001,2001,32
001,2002,32
001,2003,32
001,2004,32
001,2005,32
001,2006,34
001,2007,36
001,2008,33
001,2009,32
001,2010,34
001,2011,34
001,2012,33
001,2013,31
001,2014,33
001,2015,33
001,2016,33
001,2017,32
001,2018,32
001,2019,34
001,2020,32
001,2021,32
001,2022,33
001,2023,34
002,1895,33
002,1896,34
002,1897,33
002,1898,34
002,1899,33
002,1900,35
002,1901,36
002,1902,34
002,1903,34
002,1904,33
002,1905,34
002,1906,34
002,1907,33
002,1908,34
002,1909,34
002,1910,34
002,1911,33
002,1912,32
002,1913,33
002,1914,33
002,1915,33
002,1916,33
002,1917,34
002,1918,34
002,1919,33
002,1920,34
002,1921,33
002,1922,34
002,1923,33
002,1924,34
002,1925,34
002,1926,34
002,1927,34
002,1928,34
002,1929,33
002,1930,33
002,1931,36
002,1932,33
002,1933,35
002,1934,36
002,1935,34
002,1936,34
002,1937,34
002,1938,34
002,1939,35
002,1940,35
002,1941,33
002,1942,36
002,1943,35
002,1944,34
002,1945,34
002,1946,34
002,1947,36
002,1948,34
002,1949,33
002,1950,33
002,1951,36
002,1952,34
002,1953,34
002,1954,34
002,1955,33
002,1956,34
002,1957,34
002,1958,35
002,1959,36
002,1960,36
002,1961,35
002,1962,35
002,1963,36
002,1964,34
002,1965,33
002,1966,34
002,1967,34
002,1968,33
002,1969,34
002,1970,35
002,1971,36
002,1972,36
002,1973,34
002,1974,36
002,1975,34
002,1976,33
002,1977,34
002,1978,36
002,1979,35
002,1980,36
002,1981,34
002,1982,33
002,1983,34
002,1984,33
002,1985,35
002,1986,33
002,1987,34
002,1988,35
002,1989,36
002,1990,35
002,1991,34
002,1992,33
002,1993,34
002,1994,36
002,1995,36
002,1996,36
002,1997,34
002,1998,35
002,1999,33
002,2000,36
002,2001,34
002,2002,36
002,2003,37
002,2004,35
002,2005,37
002,2006,36
002,2007,35
002,2008,34
002,2009,36
002,2010,35
002,2011,36
002,2012,35
002,2013,36
002,2014,35
002,2015,34
002,2016,36
002,2017,36
002,2018,36
002,2019,36
002,2020,37
002,2021,36
002,2022,35
002,2023,38
003,1895,32
003,1896,35
003,1897,34
003,1898,32
003,1899,34
003,1900,33
003,1901,36
003,1902,33
003,1903,32
003,1904,31
003,1905,32
003,1906,31
003,1907,34
003,1908,32
003,1909,34
003,1910,32
003,1911,34
003,1912,33
003,1913,34
003,1914,34
003,1915,32
003,1916,34
003,1917,32
003,1918,35
003,1919,33
003,1920,32
003,1921,33
003,1922,33
003,1923,33
003,1924,34
003,1925,34
003,1926,33
003,1927,32
003,1928,33
003,1929,34
003,1930,37
003,1931,33
003,1932,34
003,1933,33
003,1934,37
003,1935,34
003,1936,37
003,1937,34
003,1938,34
003,1939,34
003,1940,31
003,1941,33
003,1942,33
003,1943,37
003,1944,34
003,1945,32
003,1946,33
003,1947,36
003,1948,33
003,1949,33
003,1950,30
003,1951,34
003,1952,35
003,1953,36
003,1954,37
003,1955,33
003,1956,35
003,1957,33
003,1958,32
003,1959,32
003,1960,32
003,1961,31
003,1962,33
003,1963,33
003,1964,34
003,1965,33
003,1966,34
003,1967,31
003,1968,32
003,1969,34
003,1970,32
003,1971,32
003,1972,33
003,1973,32
003,1974,34
003,1975,32
003,1976,32
003,1977,33
003,1978,35
003,1979,31
003,1980,37
003,1981,33
003,1982,33
003,1983,35
003,1984,32
003,1985,33
003,1986,35
003,1987,34
003,1988,33
003,1989,32
003,1990,33
003,1991,33
003,1992,32
003,1993,34
003,1994,32
003,1995,35
003,1996,32
003,1997,33
003,1998,35
003,1999,34
003,2000,36
003,2001,33
003,2002,32
003,2003,33
003,2004,31
003,2005,34
003,2006,34
003,2007,35
003,2008,33
003,2009,32
003,2010,35
003,2011,36
003,2012,35
003,2013,32
003,2014,32
003,2015,33
003,2016,33
003,2017,32
003,2018,33
003,2019,33
003,2020,32
003,2021,32
003,2022,35
003,2023,33
004,1895,30
004,1896,32
004,1897,32
004,1898,32
004,1899,32
004,1900,32
004,1901,32
004,1902,31
004,1903,31
004,1904,32
004,1905,33
004,1906,34
004,1907,31
004,1908,33
004,1909,31
004,1910,32
004,1911,32
004,1912,30
004,1913,32
004,1914,32
004,1915,33
004,1916,31
004,1917,33
004,1918,32
004,1919,32
004,1920,32
004,1921,33
004,1922,33
004,1923,31
004,1924,32
004,1925,33
004,1926,33
004,1927,33
004,1928,32
004,1929,33
004,1930,32
004,1931,35
004,1932,32
004,1933,34
004,1934,32
004,1935,32
004,1936,33
004,1937,33
004,1938,32
004,1939,33
004,1940,32
004,1941,32
004,1942,33
004,1943,32
004,1944,32
004,1945,33
004,1946,32
004,1947,31
004,1948,31
004,1949,32
004,1950,32
004,1951,32
004,1952,32
004,1953,33
004,1954,33
004,1955,32
004,1956,31
004,1957,32
004,1958,33
004,1959,34
004,1960,33
004,1961,33
004,1962,32
004,1963,31
004,1964,32
004,1965,31
004,1966,33
004,1967,34
004,1968,32
004,1969,33
004,1970,33
004,1971,32
004,1972,33
004,1973,32
004,1974,31
004,1975,31
004,1976,32
004,1977,32
004,1978,32
004,1979,32
004,1980,32
004,1981,33
004,1982,31
004,1983,30
004,1984,33
004,1985,33
004,1986,33
004,1987,32
004,1988,33
004,1989,32
004,1990,32
004,1991,32
004,1992,33
004,1993,31
004,1994,33
004,1995,32
004,1996,34
004,1997,32
004,1998,33
004,1999,31
004,2000,32
004,2001,33
004,2002,33
004,2003,34
004,2004,33
004,2005,34
004,2006,34
004,2007,33
004,2008,33
004,2009,34
004,2010,33
004,2011,32
004,2012,33
004,2013,33
004,2014,33
004,2015,33
004,2016,33
004,2017,34
004,2018,34
004,2019,33
004,2020,34
004,2021,34
004,2022,33
004,2023,34
005,1895,27
005,1896,27
005,1897,28
005,1898,28
005,1899,27
005,1900,28
005,1901,30
005,1902,27
005,1903,27
005,1904,26
005,1905,27
005,1906,26
005,1907,27
005,1908,27
005,1909,27
005,1910,28
005,1911,26
005,1912,26
005,1913,28
005,1914,26
005,1915,26
005,1916,28
005,1917,28
005,1918,27
005,1919,28
005,1920,27
005,1921,27
005,1922,28
005,1923,27
005,1924,27
005,1925,27
005,1926,27
005,1927,26
005,1928,27
005,1929,27
005,1930,27
005,1931,29
005,1932,28
005,1933,29
005,1934,31
005,1935,29
005,1936,29
005,1937,29
005,1938,28
005,1939,29
005,1940,29
005,1941,27
005,1942,28
005,1943,29
005,1944,27
005,1945,27
005,1946,28
005,1947,28
005,1948,28
005,1949,27
005,1950,26
005,1951,28
005,1952,28
005,1953,28
005,1954,29
005,1955,29
005,1956,28
005,1957,27
005,1958,28
005,1959,28
005,1960,28
005,1961,27
005,1962,28
005,1963,29
005,1964,29
005,1965,27
005,1966,29
005,1967,27
005,1968,27
005,1969,28
005,1970,28
005,1971,27
005,1972,27
005,1973,27
005,1974,28
005,1975,27
005,1976,28
005,1977,28
005,1978,29
005,1979,28
005,1980,29
005,1981,28
005,1982,27
005,1983,28
005,1984,28
005,1985,27
005,1986,27
005,1987,28
005,1988,28
005,1989,29
005,1990,27
005,1991,27
005,1992,26
005,1993,27
005,1994,28
005,1995,29
005,1996,28
005,1997,28
005,1998,28
005,1999,28
005,2000,29
005,2001,29
005,2002,31
005,2003,32
005,2004,27
005,2005,30
005,2006,28
005,2007,29
005,2008,29
005,2009,27
005,2010,28
005,2011,29
005,2012,29
005,2013,28
005,2014,28
005,2015,27
005,2016,29
005,2017,29
005,2018,29
005,2019,29
005,2020,30
005,2021,29
005,2022,29
005,2023,29
006,1895,26
006,1896,26
006,1897,26
006,1898,27
006,1899,27
006,1900,28
006,1901,28
006,1902,25
006,1903,27
006,1904,26
006,1905,27
006,1906,27
006,1907,27
006,1908,28
006,1909,27
006,1910,28
006,1911,29
006,1912,28
006,1913,28
006,1914,26
006,1915,26
006,1916,27
006,1917,27
006,1918,27
006,1919,27
006,1920,26
006,1921,28
006,1922,26
006,1923,26
006,1924,27
006,1925,27
006,1926,27
006,1927,26
006,1928,27
006,1929,27
006,1930,27
006,1931,28
006,1932,27
006,1933,27
006,1934,28
006,1935,28
006,1936,28
006,1937,28
006,1938,28
006,1939,28
006,1940,27
006,1941,27
006,1942,27
006,1943,28
006,1944,29
006,1945,27
006,1946,27
006,1947,27
006,1948,28
006,1949,29
006,1950,27
006,1951,27
006,1952,29
006,1953,28
006,1954,27
006,1955,30
006,1956,26
006,1957,28
006,1958,26
006,1959,28
006,1960,27
006,1961,27
006,1962,26
006,1963,28
006,1964,27
006,1965,27
006,1966,29
006,1967,27
006,1968,28
006,1969,27
006,1970,28
006,1971,27
006,1972,27
006,1973,28
006,1974,27
006,1975,27
006,1976,26
006,1977,28
006,1978,27
006,1979,28
006,1980,28
006,1981,28
006,1982,28
006,1983,29
006,1984,27
006,1985,27
006,1986,27
006,1987,28
006,1988,28
006,1989,27
006,1990,27
006,1991,28
006,1992,26
006,1993,29
006,1994,29
006,1995,29
006,1996,26
006,1997,28
006,1998,28
006,1999,30
006,2000,25
006,2001,28
006,2002,29
006,2003,28
006,2004,26
006,2005,28
006,2006,29
006,2007,27
006,2008,28
006,2009,27
006,2010,30
006,2011,29
006,2012,29
006,2013,29
006,2014,27
006,2015,28
006,2016,29
006,2017,27
006,2018,29
006,2019,29
006,2020,29
006,2021,27
006,2022,29
006,2023,29
007,1895,30
007,1896,29
007,1897,28
007,1898,29
007,1899,29
007,1900,31
007,1901,31
007,1902,29
007,1903,29
007,1904,28
007,1905,29
007,1906,28
007,1907,29
007,1908,30
007,1909,28
007,1910,29
007,1911,31
007,1912,28
007,1913,30
007,1914,29
007,1915,29
007,1916,29
007,1917,28
007,1918,29
007,1919,29
007,1920,28
007,1921,31
007,1922,28
007,1923,29
007,1924,28
007,1925,31
007,1926,29
007,1927,29
007,1928,30
007,1929,29
007,1930,31
007,1931,31
007,1932,30
007,1933,29
007,1934,31
007,1935,29
007,1936,30
007,1937,29
007,1938,30
007,1939,29
007,1940,30
007,1941,29
007,1942,30
007,1943,31
007,1944,31
007,1945,28
007,1946,28
007,1947,29
007,1948,29
007,1949,32
007,1950,29
007,1951,30
007,1952,32
007,1953,31
007,1954,31
007,1955,32
007,1956,28
007,1957,31
007,1958,30
007,1959,29
007,1960,29
007,1961,29
007,1962,28
007,1963,30
007,1964,29
007,1965,29
007,1966,31
007,1967,28
007,1968,31
007,1969,29
007,1970,29
007,1971,29
007,1972,29
007,1973,30
007,1974,30
007,1975,30
007,1976,29
007,1977,31
007,1978,29
007,1979,28
007,1980,31
007,1981,29
007,1982,29
007,1983,31
007,1984,29
007,1985,29
007,1986,31
007,1987,32
007,1988,32
007,1989,29
007,1990,30
007,1991,30
007,1992,29
007,1993,31
007,1994,31
007,1995,31
007,1996,28
007,1997,30
007,1998,30
007,1999,32
007,2000,28
007,2001,30
007,2002,32
007,2003,29
007,2004,29
007,2005,31
007,2006,31
007,2007,30
007,2008,31
007,2009,30
007,2010,32
007,2011,33
007,2012,33
007,2013,31
007,2014,29
007,2015,29
007,2016,32
007,2017,31
007,2018,31
007,2019,32
007,2020,32
007,2021,31
007,2022,31
007,2023,31
008,1895,32
008,1896,33
008,1897,33
008,1898,34
008,1899,33
008,1900,33
008,1901,32
008,1902,33
008,1903,33
008,1904,32
008,1905,33
008,1906,32
008,1907,32
008,1908,32
008,1909,32
008,1910,32
008,1911,33
008,1912,32
008,1913,33
008,1914,33
008,1915,33
008,1916,32
008,1917,32
008,1918,32
008,1919,32
008,1920,32
008,1921,33
008,1922,32
008,1923,32
008,1924,33
008,1925,33
008,1926,32
008,1927,33
008,1928,32
008,1929,32
008,1930,33
008,1931,33
008,1932,34
008,1933,32
008,1934,32
008,1935,33
008,1936,33
008,1937,32
008,1938,33
008,1939,32
008,1940,32
008,1941,33
008,1942,34
008,1943,33
008,1944,33
008,1945,33
008,1946,32
008,1947,32
008,1948,33
008,1949,32
008,1950,33
008,1951,33
008,1952,34
008,1953,33
008,1954,34
008,1955,33
008,1956,33
008,1957,33
008,1958,33
008,1959,32
008,1960,32
008,1961,33
008,1962,33
008,1963,33
008,1964,33
008,1965,32
008,1966,32
008,1967,32
008,1968,33
008,1969,33
008,1970,33
008,1971,32
008,1972,32
008,1973,33
008,1974,32
008,1975,32
008,1976,33
008,1977,33
008,1978,32
008,1979,33
008,1980,33
008,1981,34
008,1982,32
008,1983,33
008,1984,32
008,1985,33
008,1986,33
008,1987,33
008,1988,32
008,1989,33
008,1990,33
008,1991,32
008,1992,33
008,1993,33
008,1994,32
008,1995,33
008,1996,33
008,1997,33
008,1998,35
008,1999,33
008,2000,33
008,2001,32
008,2002,32
008,2003,32
008,2004,33
008,2005,33
008,2006,33
008,2007,34
008,2008,33
008,2009,33
008,2010,34
008,2011,34
008,2012,33
008,2013,32
008,2014,33
008,2015,33
008,2016,34
008,2017,33
008,2018,33
008,2019,33
008,2020,33
008,2021,32
008,2022,33
008,2023,34
009,1895,32
009,1896,33
009,1897,34
009,1898,33
009,1899,33
009,1900,34
009,1901,33
009,1902,34
009,1903,33
009,1904,33
009,1905,33
009,1906,32
009,1907,33
009,1908,33
009,1909,32
009,1910,32
009,1911,34
009,1912,32
009,1913,33
009,1914,34
009,1915,33
009,1916,32
009,1917,32
009,1918,33
009,1919,32
009,1920,32
009,1921,34
009,1922,32
009,1923,32
009,1924,34
009,1925,36
009,1926,33
009,1927,32
009,1928,32
009,1929,33
009,1930,34
009,1931,34
009,1932,34
009,1933,33
009,1934,34
009,1935,32
009,1936,34
009,1937,33
009,1938,33
009,1939,33
009,1940,32
009,1941,33
009,1942,33
009,1943,33
009,1944,34
009,1945,33
009,1946,31
009,1947,32
009,1948,33
009,1949,32
009,1950,32
009,1951,34
009,1952,34
009,1953,32
009,1954,35
009,1955,33
009,1956,33
009,1957,32
009,1958,32
009,1959,33
009,1960,33
009,1961,32
009,1962,33
009,1963,33
009,1964,33
009,1965,32
009,1966,32
009,1967,30
009,1968,33
009,1969,33
009,1970,33
009,1971,32
009,1972,32
009,1973,32
009,1974,32
009,1975,32
009,1976,32
009,1977,34
009,1978,33
009,1979,32
009,1980,34
009,1981,34
009,1982,32
009,1983,34
009,1984,32
009,1985,32
009,1986,35
009,1987,33
009,1988,32
009,1989,31
009,1990,33
009,1991,32
009,1992,32
009,1993,35
009,1994,31
009,1995,33
009,1996,32
009,1997,33
009,1998,34
009,1999,34
009,2000,33
009,2001,32
009,2002,33
009,2003,31
009,2004,32
009,2005,32
009,2006,33
009,2007,34
009,2008,33
009,2009,32
009,2010,34
009,2011,34
009,2012,34
009,2013,31
009,2014,32
009,2015,33
009,2016,34
009,2017,32
009,2018,32
009,2019,33
009,2020,33
009,2021,32
009,2022,33
009,2023,33
010,1895,27
010,1896,28
010,1897,28
010,1898,28
010,1899,28
010,1900,27
010,1901,29
010,1902,26
010,1903,26
010,1904,27
010,1905,27
010,1906,29
010,1907,26
010,1908,28
010,1909,27
010,1910,28
010,1911,26
010,1912,24
010,1913,26
010,1914,27
010,1915,29
010,1916,26
010,1917,29
010,1918,27
010,1919,29
010,1920,28
010,1921,27
010,1922,27
010,1923,28
010,1924,27
010,1925,29
010,1926,28
010,1927,28
010,1928,27
010,1929,29
010,1930,28
010,1931,29
010,1932,26
010,1933,29
010,1934,29
010,1935,28
010,1936,29
010,1937,28
010,1938,26
010,1939,28
010,1940,28
010,1941,27
010,1942,28
010,1943,27
010,1944,26
010,1945,28
010,1946,28
010,1947,28
010,1948,26
010,1949,27
010,1950,26
010,1951,28
010,1952,27
010,1953,28
010,1954,28
010,1955,28
010,1956,27
010,1957,27
010,1958,28
010,1959,28
010,1960,30
010,1961,29
010,1962,26
010,1963,27
010,1964,28
010,1965,26
010,1966,28
010,1967,29
010,1968,28
010,1969,28
010,1970,28
010,1971,29
010,1972,27
010,1973,27
010,1974,27
010,1975,28
010,1976,27
010,1977,26
010,1978,26
010,1979,27
010,1980,26
010,1981,29
010,1982,27
010,1983,27
010,1984,27
010,1985,29
010,1986,28
010,1987,25
010,1988,28
010,1989,29
010,1990,28
010,1991,28
010,1992,27
010,1993,23
010,1994,29
010,1995,26
010,1996,28
010,1997,27
010,1998,29
010,1999,27
010,2000,28
010,2001,29
010,2002,29
010,2003,31
010,2004,27
010,2005,28
010,2006,30
010,2007,31
010,2008,28
010,2009,27
010,2010,27
010,2011,28
010,2012,29
010,2013,30
010,2014,29
010,2015,27
010,2016,27
010,2017,30
010,2018,29
010,2019,27
010,2020,28
010,2021,31
010,2022,29
010,2023,29
011,1895,30
011,1896,29
011,1897,31
011,1898,30
011,1899,31
011,1900,32
011,1901,35
011,1902,30
011,1903,31
011,1904,28
011,1905,29
011,1906,31
011,1907,30
011,1908,30
011,1909,32
011,1910,31
011,1911,31
011,1912,30
011,1913,32
011,1914,33
011,1915,28
011,1916,34
011,1917,30
011,1918,32
011,1919,33
011,1920,30
011,1921,33
011,1922,30
011,1923,31
011,1924,29
011,1925,30
011,1926,31
011,1927,29
011,1928,30
011,1929,30
011,1930,33
011,1931,33
011,1932,32
011,1933,33
011,1934,34
011,1935,32
011,1936,36
011,1937,32
011,1938,31
011,1939,31
011,1940,32
011,1941,31
011,1942,30
011,1943,31
011,1944,31
011,1945,29
011,1946,31
011,1947,33
011,1948,30
011,1949,31
011,1950,28
011,1951,29
011,1952,32
011,1953,31
011,1954,33
011,1955,32
011,1956,29
011,1957,31
011,1958,29
011,1959,31
011,1960,29
011,1961,29
011,1962,29
011,1963,30
011,1964,31
011,1965,29
011,1966,32
011,1967,28
011,1968,29
011,1969,29
011,1970,30
011,1971,31
011,1972,29
011,1973,30
011,1974,31
011,1975,29
011,1976,31
011,1977,31
011,1978,29
011,1979,29
011,1980,32
011,1981,29
011,1982,29
011,1983,33
011,1984,31
011,1985,29
011,1986,31
011,1987,31
011,1988,32
011,1989,29
011,1990,29
011,1991,31
011,1992,28
011,1993,29
011,1994,29
011,1995,32
011,1996,29
011,1997,30
011,1998,29
011,1999,32
011,2000,29
011,2001,30
011,2002,32
011,2003,30
011,2004,28
011,2005,31
011,2006,31
011,2007,32
011,2008,29
011,2009,28
011,2010,31
011,2011,32
011,2012,34
011,2013,28
011,2014,28
011,2015,28
011,2016,30
011,2017,30
011,2018,29
011,2019,31
011,2020,31
011,2021,30
011,2022,29
011,2023,30
012,1895,31
012,1896,29
012,1897,31
012,1898,31
012,1899,31
012,1900,32
012,1901,34
012,1902,30
012,1903,30
012,1904,29
012,1905,29
012,1906,30
012,1907,29
012,1908,30
012,1909,29
012,1910,29
012,1911,31
012,1912,29
012,1913,32
012,1914,32
012,1915,28
012,1916,33
012,1917,29
012,1918,32
012,1919,32
012,1920,29
012,1921,33
012,1922,29
012,1923,30
012,1924,29
012,1925,30
012,1926,31
012,1927,29
012,1928,29
012,1929,30
012,1930,33
012,1931,32
012,1932,31
012,1933,32
012,1934,33
012,1935,31
012,1936,34
012,1937,31
012,1938,30
012,1939,30
012,1940,31
012,1941,31
012,1942,30
012,1943,31
012,1944,32
012,1945,29
012,1946,30
012,1947,32
012,1948,30
012,1949,31
012,1950,28
012,1951,29
012,1952,32
012,1953,31
012,1954,32
012,1955,32
012,1956,29
012,1957,29
012,1958,28
012,1959,31
012,1960,29
012,1961,29
012,1962,29
012,1963,29
012,1964,29
012,1965,28
012,1966,32
012,1967,28
012,1968,29
012,1969,29
012,1970,29
012,1971,29
012,1972,28
012,1973,29
012,1974,30
012,1975,29
012,1976,29
012,1977,31
012,1978,29
012,1979,28
012,1980,31
012,1981,29
012,1982,29
012,1983,32
012,1984,29
012,1985,29
012,1986,30
012,1987,29
012,1988,32
012,1989,29
012,1990,28
012,1991,31
012,1992,27
012,1993,29
012,1994,29
012,1995,31
012,1996,28
012,1997,29
012,1998,29
012,1999,31
012,2000,28
012,2001,29
012,2002,31
012,2003,29
012,2004,27
012,2005,29
012,2006,29
012,2007,31
012,2008,29
012,2009,28
012,2010,31
012,2011,32
012,2012,33
012,2013,28
012,2014,28
012,2015,28
012,2016,29
012,2017,29
012,2018,29
012,2019,30
012,2020,31
012,2021,29
012,2022,29
012,2023,29
013,1895,29
013,1896,29
013,1897,31
013,1898,29
013,1899,29
013,1900,31
013,1901,36
013,1902,28
013,1903,28
013,1904,27
013,1905,29
013,1906,29
013,1907,29
013,1908,29
013,1909,31
013,1910,31
013,1911,32
013,1912,30
013,1913,32
013,1914,31
013,1915,26
013,1916,33
013,1917,30
013,1918,31
013,1919,32
013,1920,28
013,1921,32
013,1922,29
013,1923,31
013,1924,27
013,1925,30
013,1926,30
013,1927,29
013,1928,29
013,1929,29
013,1930,33
013,1931,32
013,1932,31
013,1933,33
013,1934,33
013,1935,32
013,1936,37
013,1937,32
013,1938,31
013,1939,31
013,1940,32
013,1941,31
013,1942,29
013,1943,30
013,1944,29
013,1945,28
013,1946,29
013,1947,33
013,1948,30
013,1949,30
013,1950,27
013,1951,28
013,1952,29
013,1953,29
013,1954,31
013,1955,32
013,1956,30
013,1957,31
013,1958,28
013,1959,29
013,1960,28
013,1961,28
013,1962,28
013,1963,29
013,1964,31
013,1965,28
013,1966,31
013,1967,28
013,1968,28
013,1969,28
013,1970,30
013,1971,29
013,1972,27
013,1973,28
013,1974,32
013,1975,30
013,1976,30
013,1977,31
013,1978,28
013,1979,28
013,1980,31
013,1981,28
013,1982,29
013,1983,32
013,1984,30
013,1985,29
013,1986,29
013,1987,31
013,1988,31
013,1989,30
013,1990,28
013,1991,29
013,1992,26
013,1993,27
013,1994,27
013,1995,30
013,1996,27
013,1997,28
013,1998,28
013,1999,31
013,2000,28
013,2001,29
013,2002,31
013,2003,30
013,2004,27
013,2005,30
013,2006,31
013,2007,29
013,2008,28
013,2009,26
013,2010,29
013,2011,31
013,2012,33
013,2013,28
013,2014,27
013,2015,28
013,2016,29
013,2017,29
013,2018,28
013,2019,29
013,2020,29
013,2021,29
013,2022,29
013,2023,28
014,1895,31
014,1896,33
014,1897,34
014,1898,32
014,1899,34
014,1900,34
014,1901,38
014,1902,32
014,1903,32
014,1904,30
014,1905,33
014,1906,31
014,1907,32
014,1908,31
014,1909,34
014,1910,34
014,1911,34
014,1912,33
014,1913,37
014,1914,33
014,1915,29
014,1916,35
014,1917,35
014,1918,35
014,1919,33
014,1920,32
014,1921,33
014,1922,34
014,1923,32
014,1924,32
014,1925,33
014,1926,33
014,1927,32
014,1928,31
014,1929,33
014,1930,35
014,1931,34
014,1932,34
014,1933,35
014,1934,39
014,1935,36
014,1936,38
014,1937,36
014,1938,35
014,1939,36
014,1940,35
014,1941,33
014,1942,34
014,1943,36
014,1944,32
014,1945,33
014,1946,35
014,1947,36
014,1948,32
014,1949,32
014,1950,31
014,1951,32
014,1952,35
014,1953,35
014,1954,37
014,1955,35
014,1956,34
014,1957,34
014,1958,32
014,1959,33
014,1960,32
014,1961,32
014,1962,33
014,1963,34
014,1964,36
014,1965,32
014,1966,35
014,1967,30
014,1968,32
014,1969,33
014,1970,34
014,1971,32
014,1972,31
014,1973,33
014,1974,36
014,1975,33
014,1976,33
014,1977,34
014,1978,35
014,1979,32
014,1980,38
014,1981,32
014,1982,33
014,1983,37
014,1984,34
014,1985,33
014,1986,34
014,1987,32
014,1988,33
014,1989,32
014,1990,32
014,1991,34
014,1992,31
014,1993,31
014,1994,32
014,1995,33
014,1996,31
014,1997,32
014,1998,32
014,1999,33
014,2000,36
014,2001,35
014,2002,34
014,2003,36
014,2004,30
014,2005,33
014,2006,34
014,2007,34
014,2008,33
014,2009,31
014,2010,34
014,2011,37
014,2012,37
014,2013,32
014,2014,33
014,2015,32
014,2016,33
014,2017,33
014,2018,33
014,2019,33
014,2020,33
014,2021,33
014,2022,34
014,2023,33
015,1895,31
015,1896,31
015,1897,31
015,1898,31
015,1899,32
015,1900,33
015,1901,34
015,1902,32
015,1903,31
015,1904,30
015,1905,29
015,1906,31
015,1907,32
015,1908,31
015,1909,31
015,1910,29
015,1911,31
015,1912,30
015,1913,33
015,1914,33
015,1915,30
015,1916,32
015,1917,29
015,1918,33
015,1919,32
015,1920,29
015,1921,33
015,1922,30
015,1923,31
015,1924,31
015,1925,32
015,1926,32
015,1927,31
015,1928,31
015,1929,31
015,1930,34
015,1931,33
015,1932,32
015,1933,32
015,1934,33
015,1935,32
015,1936,34
015,1937,32
015,1938,31
015,1939,32
015,1940,31
015,1941,32
015,1942,32
015,1943,32
015,1944,33
015,1945,31
015,1946,31
015,1947,32
015,1948,31
015,1949,32
015,1950,28
015,1951,31
015,1952,33
015,1953,32
015,1954,33
015,1955,32
015,1956,30
015,1957,31
015,1958,30
015,1959,31
015,1960,31
015,1961,29
015,1962,31
015,1963,29
015,1964,30
015,1965,30
015,1966,32
015,1967,28
015,1968,31
015,1969,31
015,1970,30
015,1971,30
015,1972,29
015,1973,30
015,1974,30
015,1975,30
015,1976,29
015,1977,31
015,1978,31
015,1979,29
015,1980,32
015,1981,30
015,1982,30
015,1983,33
015,1984,31
015,1985,30
015,1986,32
015,1987,31
015,1988,32
015,1989,29
015,1990,30
015,1991,31
015,1992,29
015,1993,32
015,1994,30
015,1995,32
015,1996,29
015,1997,31
015,1998,31
015,1999,32
015,2000,29
015,2001,30
015,2002,31
015,2003,30
015,2004,29
015,2005,32
015,2006,31
015,2007,34
015,2008,30
015,2009,29
015,2010,32
015,2011,32
015,2012,33
015,2013,28
015,2014,29
015,2015,30
015,2016,31
015,2017,31
015,2018,31
015,2019,31
015,2020,32
015,2021,30
015,2022,31
015,2023,30
016,1895,33
016,1896,34
016,1897,34
016,1898,32
016,1899,34
016,1900,33
016,1901,34
016,1902,34
016,1903,33
016,1904,32
016,1905,33
016,1906,33
016,1907,33
016,1908,32
016,1909,34
016,1910,33
016,1911,34
016,1912,33
016,1913,33
016,1914,34
016,1915,33
016,1916,33
016,1917,34
016,1918,34
016,1919,33
016,1920,32
016,1921,34
016,1922,33
016,1923,32
016,1924,36
016,1925,34
016,1926,33
016,1927,33
016,1928,34
016,1929,34
016,1930,35
016,1931,33
016,1932,34
016,1933,33
016,1934,34
016,1935,34
016,1936,34
016,1937,33
016,1938,33
016,1939,34
016,1940,32
016,1941,34
016,1942,33
016,1943,35
016,1944,34
016,1945,32
016,1946,32
016,1947,34
016,1948,34
016,1949,33
016,1950,33
016,1951,36
016,1952,34
016,1953,34
016,1954,35
016,1955,32
016,1956,34
016,1957,34
016,1958,33
016,1959,33
016,1960,35
016,1961,32
016,1962,35
016,1963,34
016,1964,33
016,1965,33
016,1966,34
016,1967,32
016,1968,32
016,1969,34
016,1970,33
016,1971,33
016,1972,33
016,1973,33
016,1974,33
016,1975,32
016,1976,33
016,1977,34
016,1978,34
016,1979,33
016,1980,36
016,1981,34
016,1982,33
016,1983,33
016,1984,32
016,1985,33
016,1986,34
016,1987,33
016,1988,33
016,1989,32
016,1990,34
016,1991,33
016,1992,33
016,1993,34
016,1994,32
016,1995,34
016,1996,33
016,1997,33
016,1998,35
016,1999,36
016,2000,36
016,2001,33
016,2002,33
016,2003,33
016,2004,32
016,2005,34
016,2006,34
016,2007,34
016,2008,34
016,2009,33
016,2010,34
016,2011,37
016,2012,33
016,2013,33
016,2014,32
016,2015,34
016,2016,34
016,2017,33
016,2018,34
016,2019,34
016,2020,33
016,2021,33
016,2022,34
016,2023,37
017,1895,24
017,1896,24
017,1897,24
017,1898,24
017,1899,23
017,1900,24
017,1901,24
017,1902,22
017,1903,22
017,1904,24
017,1905,24
017,1906,24
017,1907,23
017,1908,26
017,1909,23
017,1910,25
017,1911,27
017,1912,24
017,1913,24
017,1914,23
017,1915,23
017,1916,25
017,1917,24
017,1918,24
017,1919,25
017,1920,25
017,1921,28
017,1922,24
017,1923,23
017,1924,25
017,1925,24
017,1926,24
017,1927,24
017,1928,24
017,1929,24
017,1930,24
017,1931,25
017,1932,24
017,1933,23
017,1934,25
017,1935,26
017,1936,23
017,1937,27
017,1938,24
017,1939,26
017,1940,25
017,1941,26
017,1942,24
017,1943,25
017,1944,27
017,1945,25
017,1946,24
017,1947,26
017,1948,26
017,1949,26
017,1950,24
017,1951,24
017,1952,28
017,1953,26
017,1954,23
017,1955,27
017,1956,22
017,1957,23
017,1958,23
017,1959,27
017,1960,25
017,1961,24
017,1962,22
017,1963,26
017,1964,24
017,1965,23
017,1966,24
017,1967,24
017,1968,26
017,1969,24
017,1970,26
017,1971,25
017,1972,24
017,1973,26
017,1974,24
017,1975,26
017,1976,24
017,1977,24
017,1978,25
017,1979,26
017,1980,24
017,1981,24
017,1982,25
017,1983,25
017,1984,25
017,1985,26
017,1986,23
017,1987,24
017,1988,26
017,1989,25
017,1990,25
017,1991,25
017,1992,23
017,1993,25
017,1994,26
017,1995,26
017,1996,24
017,1997,25
017,1998,25
017,1999,26
017,2000,23
017,2001,26
017,2002,26
017,2003,24
017,2004,23
017,2005,26
017,2006,26
017,2007,24
017,2008,26
017,2009,24
017,2010,26
017,2011,26
017,2012,26
017,2013,26
017,2014,25
017,2015,25
017,2016,25
017,2017,24
017,2018,27
017,2019,27
017,2020,26
017,2021,26
017,2022,27
017,2023,26
018,1895,30
018,1896,29
018,1897,29
018,1898,31
018,1899,30
018,1900,31
018,1901,31
018,1902,30
018,1903,29
018,1904,28
018,1905,29
018,1906,28
018,1907,29
018,1908,30
018,1909,28
018,1910,29
018,1911,31
018,1912,28
018,1913,30
018,1914,29
018,1915,29
018,1916,29
018,1917,28
018,1918,29
018,1919,29
018,1920,28
018,1921,31
018,1922,29
018,1923,29
018,1924,28
018,1925,31
018,1926,29
018,1927,29
018,1928,29
018,1929,29
018,1930,32
018,1931,31
018,1932,31
018,1933,29
018,1934,32
018,1935,30
018,1936,30
018,1937,29
018,1938,31
018,1939,30
018,1940,30
018,1941,29
018,1942,30
018,1943,31
018,1944,31
018,1945,28
018,1946,29
018,1947,29
018,1948,29
018,1949,31
018,1950,28
018,1951,30
018,1952,31
018,1953,31
018,1954,31
018,1955,32
018,1956,28
018,1957,31
018,1958,29
018,1959,30
018,1960,29
018,1961,29
018,1962,29
018,1963,30
018,1964,29
018,1965,29
018,1966,31
018,1967,28
018,1968,30
018,1969,29
018,1970,29
018,1971,29
018,1972,28
018,1973,29
018,1974,29
018,1975,29
018,1976,28
018,1977,31
018,1978,29
018,1979,28
018,1980,31
018,1981,29
018,1982,29
018,1983,31
018,1984,28
018,1985,29
018,1986,31
018,1987,32
018,1988,32
018,1989,29
018,1990,30
018,1991,31
018,1992,29
018,1993,32
018,1994,31
018,1995,31
018,1996,28
018,1997,30
018,1998,30
018,1999,32
018,2000,28
018,2001,29
018,2002,31
018,2003,29
018,2004,29
018,2005,31
018,2006,31
018,2007,30
018,2008,30
018,2009,29
018,2010,32
018,2011,32
018,2012,32
018,2013,30
018,2014,29
018,2015,29
018,2016,31
018,2017,31
018,2018,30
018,2019,32
018,2020,32
018,2021,31
018,2022,31
018,2023,31
019,1895,26
019,1896,26
019,1897,26
019,1898,27
019,1899,26
019,1900,27
019,1901,27
019,1902,24
019,1903,26
019,1904,26
019,1905,27
019,1906,26
019,1907,27
019,1908,28
019,1909,26
019,1910,28
019,1911,29
019,1912,27
019,1913,28
019,1914,24
019,1915,25
019,1916,26
019,1917,27
019,1918,26
019,1919,27
019,1920,26
019,1921,27
019,1922,26
019,1923,26
019,1924,27
019,1925,26
019,1926,27
019,1927,26
019,1928,27
019,1929,27
019,1930,27
019,1931,27
019,1932,27
019,1933,27
019,1934,28
019,1935,27
019,1936,27
019,1937,28
019,1938,27
019,1939,27
019,1940,27
019,1941,27
019,1942,26
019,1943,27
019,1944,28
019,1945,26
019,1946,27
019,1947,27
019,1948,28
019,1949,29
019,1950,27
019,1951,27
019,1952,29
019,1953,27
019,1954,26
019,1955,29
019,1956,26
019,1957,27
019,1958,26
019,1959,27
019,1960,26
019,1961,26
019,1962,25
019,1963,28
019,1964,27
019,1965,27
019,1966,28
019,1967,26
019,1968,28
019,1969,27
019,1970,27
019,1971,27
019,1972,27
019,1973,27
019,1974,27
019,1975,28
019,1976,26
019,1977,27
019,1978,27
019,1979,28
019,1980,28
019,1981,27
019,1982,27
019,1983,28
019,1984,27
019,1985,27
019,1986,26
019,1987,27
019,1988,28
019,1989,27
019,1990,27
019,1991,27
019,1992,25
019,1993,28
019,1994,29
019,1995,28
019,1996,26
019,1997,27
019,1998,27
019,1999,29
019,2000,25
019,2001,28
019,2002,28
019,2003,27
019,2004,26
019,2005,28
019,2006,28
019,2007,27
019,2008,28
019,2009,27
019,2010,29
019,2011,29
019,2012,29
019,2013,29
019,2014,27
019,2015,28
019,2016,29
019,2017,27
019,2018,29
019,2019,29
019,2020,29
019,2021,27
019,2022,29
019,2023,28
020,1895,27
020,1896,26
020,1897,28
020,1898,28
020,1899,27
020,1900,28
020,1901,28
020,1902,26
020,1903,26
020,1904,25
020,1905,25
020,1906,26
020,1907,25
020,1908,27
020,1909,26
020,1910,28
020,1911,27
020,1912,26
020,1913,26
020,1914,27
020,1915,24
020,1916,30
020,1917,26
020,1918,27
020,1919,28
020,1920,24
020,1921,31
020,1922,26
020,1923,27
020,1924,24
020,1925,26
020,1926,27
020,1927,26
020,1928,26
020,1929,27
020,1930,27
020,1931,29
020,1932,27
020,1933,28
020,1934,28
020,1935,28
020,1936,30
020,1937,28
020,1938,27
020,1939,27
020,1940,27
020,1941,28
020,1942,26
020,1943,27
020,1944,27
020,1945,26
020,1946,27
020,1947,29
020,1948,27
020,1949,28
020,1950,25
020,1951,26
020,1952,28
020,1953,27
020,1954,26
020,1955,30
020,1956,25
020,1957,27
020,1958,26
020,1959,27
020,1960,26
020,1961,26
020,1962,26
020,1963,27
020,1964,27
020,1965,25
020,1966,29
020,1967,25
020,1968,26
020,1969,27
020,1970,27
020,1971,26
020,1972,26
020,1973,27
020,1974,27
020,1975,27
020,1976,27
020,1977,28
020,1978,26
020,1979,26
020,1980,27
020,1981,26
020,1982,27
020,1983,29
020,1984,27
020,1985,26
020,1986,27
020,1987,28
020,1988,29
020,1989,28
020,1990,26
020,1991,27
020,1992,23
020,1993,26
020,1994,26
020,1995,27
020,1996,26
020,1997,26
020,1998,27
020,1999,28
020,2000,25
020,2001,27
020,2002,29
020,2003,27
020,2004,25
020,2005,28
020,2006,28
020,2007,27
020,2008,26
020,2009,24
020,2010,28
020,2011,29
020,2012,30
020,2013,26
020,2014,24
020,2015,26
020,2016,27
020,2017,26
020,2018,28
020,2019,28
020,2020,29
020,2021,27
020,2022,27
020,2023,26
021,1895,26
021,1896,27
021,1897,27
021,1898,27
021,1899,27
021,1900,28
021,1901,29
021,1902,27
021,1903,25
021,1904,24
021,1905,26
021,1906,26
021,1907,26
021,1908,27
021,1909,27
021,1910,28
021,1911,27
021,1912,26
021,1913,26
021,1914,28
021,1915,24
021,1916,29
021,1917,27
021,1918,26
021,1919,28
021,1920,26
021,1921,29
021,1922,27
021,1923,28
021,1924,26
021,1925,27
021,1926,27
021,1927,25
021,1928,26
021,1929,28
021,1930,28
021,1931,29
021,1932,28
021,1933,29
021,1934,28
021,1935,29
021,1936,32
021,1937,29
021,1938,28
021,1939,28
021,1940,28
021,1941,28
021,1942,26
021,1943,28
021,1944,26
021,1945,25
021,1946,27
021,1947,29
021,1948,27
021,1949,27
021,1950,25
021,1951,26
021,1952,27
021,1953,27
021,1954,27
021,1955,29
021,1956,27
021,1957,28
021,1958,26
021,1959,28
021,1960,27
021,1961,28
021,1962,26
021,1963,27
021,1964,28
021,1965,26
021,1966,28
021,1967,26
021,1968,26
021,1969,28
021,1970,28
021,1971,26
021,1972,25
021,1973,27
021,1974,29
021,1975,29
021,1976,29
021,1977,28
021,1978,26
021,1979,26
021,1980,28
021,1981,27
021,1982,27
021,1983,29
021,1984,28
021,1985,27
021,1986,27
021,1987,28
021,1988,30
021,1989,29
021,1990,26
021,1991,27
021,1992,23
021,1993,25
021,1994,25
021,1995,27
021,1996,26
021,1997,26
021,1998,27
021,1999,28
021,2000,26
021,2001,27
021,2002,28
021,2003,28
021,2004,25
021,2005,27
021,2006,29
021,2007,28
021,2008,27
021,2009,24
021,2010,27
021,2011,28
021,2012,30
021,2013,26
021,2014,25
021,2015,27
021,2016,26
021,2017,27
021,2018,27
021,2019,27
021,2020,28
021,2021,28
021,2022,27
021,2023,27
022,1895,32
022,1896,34
022,1897,34
022,1898,33
022,1899,34
022,1900,33
022,1901,35
022,1902,34
022,1903,33
022,1904,32
022,1905,33
022,1906,33
022,1907,34
022,1908,33
022,1909,34
022,1910,33
022,1911,34
022,1912,32
022,1913,34
022,1914,36
022,1915,33
022,1916,33
022,1917,33
022,1918,34
022,1919,33
022,1920,32
022,1921,34
022,1922,33
022,1923,32
022,1924,36
022,1925,35
022,1926,33
022,1927,34
022,1928,34
022,1929,33
022,1930,36
022,1931,33
022,1932,34
022,1933,33
022,1934,34
022,1935,34
022,1936,34
022,1937,33
022,1938,34
022,1939,33
022,1940,32
022,1941,33
022,1942,33
022,1943,36
022,1944,34
022,1945,32
022,1946,32
022,1947,34
022,1948,34
022,1949,32
022,1950,32
022,1951,36
022,1952,35
022,1953,35
022,1954,37
022,1955,33
022,1956,34
022,1957,33
022,1958,32
022,1959,33
022,1960,35
022,1961,32
022,1962,34
022,1963,33
022,1964,32
022,1965,33
022,1966,34
022,1967,32
022,1968,33
022,1969,34
022,1970,32
022,1971,33
022,1972,33
022,1973,33
022,1974,33
022,1975,32
022,1976,33
022,1977,34
022,1978,34
022,1979,32
022,1980,35
022,1981,33
022,1982,33
022,1983,33
022,1984,32
022,1985,32
022,1986,34
022,1987,33
022,1988,33
022,1989,32
022,1990,34
022,1991,33
022,1992,32
022,1993,33
022,1994,31
022,1995,34
022,1996,33
022,1997,33
022,1998,33
022,1999,35
022,2000,36
022,2001,33
022,2002,33
022,2003,32
022,2004,32
022,2005,34
022,2006,34
022,2007,36
022,2008,34
022,2009,33
022,2010,34
022,2011,34
022,2012,33
022,2013,32
022,2014,32
022,2015,33
022,2016,33
022,2017,32
022,2018,33
022,2019,34
022,2020,33
022,2021,32
022,2022,34
022,2023,36
023,1895,30
023,1896,31
023,1897,32
023,1898,30
023,1899,32
023,1900,33
023,1901,37
023,1902,31
023,1903,31
023,1904,29
023,1905,31
023,1906,30
023,1907,31
023,1908,31
023,1909,33
023,1910,31
023,1911,33
023,1912,32
023,1913,36
023,1914,33
023,1915,29
023,1916,34
023,1917,32
023,1918,34
023,1919,33
023,1920,31
023,1921,33
023,1922,32
023,1923,32
023,1924,31
023,1925,32
023,1926,32
023,1927,30
023,1928,31
023,1929,31
023,1930,34
023,1931,33
023,1932,33
023,1933,33
023,1934,38
023,1935,33
023,1936,37
023,1937,33
023,1938,33
023,1939,33
023,1940,32
023,1941,33
023,1942,32
023,1943,33
023,1944,32
023,1945,31
023,1946,33
023,1947,35
023,1948,31
023,1949,31
023,1950,28
023,1951,30
023,1952,33
023,1953,33
023,1954,36
023,1955,33
023,1956,32
023,1957,32
023,1958,31
023,1959,32
023,1960,31
023,1961,30
023,1962,32
023,1963,31
023,1964,32
023,1965,30
023,1966,33
023,1967,29
023,1968,31
023,1969,32
023,1970,32
023,1971,31
023,1972,31
023,1973,31
023,1974,34
023,1975,32
023,1976,32
023,1977,32
023,1978,32
023,1979,30
023,1980,37
023,1981,31
023,1982,31
023,1983,35
023,1984,32
023,1985,32
023,1986,33
023,1987,32
023,1988,32
023,1989,30
023,1990,31
023,1991,32
023,1992,29
023,1993,31
023,1994,30
023,1995,33
023,1996,29
023,1997,32
023,1998,31
023,1999,32
023,2000,32
023,2001,31
023,2002,32
023,2003,32
023,2004,28
023,2005,32
023,2006,32
023,2007,34
023,2008,30
023,2009,29
023,2010,32
023,2011,34
023,2012,36
023,2013,29
023,2014,31
023,2015,30
023,2016,31
023,2017,32
023,2018,32
023,2019,31
023,2020,32
023,2021,31
023,2022,33
023,2023,32
024,1895,26
024,1896,27
024,1897,27
024,1898,27
024,1899,27
024,1900,27
024,1901,28
024,1902,25
024,1903,24
024,1904,26
024,1905,27
024,1906,27
024,1907,24
024,1908,28
024,1909,27
024,1910,28
024,1911,25
024,1912,23
024,1913,26
024,1914,28
024,1915,27
024,1916,27
024,1917,29
024,1918,26
024,1919,29
024,1920,28
024,1921,27
024,1922,27
024,1923,27
024,1924,26
024,1925,27
024,1926,28
024,1927,26
024,1928,26
024,1929,29
024,1930,29
024,1931,28
024,1932,27
024,1933,29
024,1934,29
024,1935,29
024,1936,32
024,1937,28
024,1938,26
024,1939,29
024,1940,28
024,1941,28
024,1942,27
024,1943,27
024,1944,26
024,1945,28
024,1946,28
024,1947,29
024,1948,26
024,1949,28
024,1950,24
024,1951,27
024,1952,26
024,1953,28
024,1954,28
024,1955,28
024,1956,26
024,1957,28
024,1958,28
024,1959,28
024,1960,30
024,1961,29
024,1962,25
024,1963,27
024,1964,28
024,1965,26
024,1966,28
024,1967,28
024,1968,27
024,1969,29
024,1970,29
024,1971,31
024,1972,27
024,1973,28
024,1974,28
024,1975,28
024,1976,27
024,1977,26
024,1978,25
024,1979,27
024,1980,27
024,1981,28
024,1982,27
024,1983,29
024,1984,28
024,1985,29
024,1986,27
024,1987,25
024,1988,29
024,1989,29
024,1990,27
024,1991,29
024,1992,24
024,1993,22
024,1994,28
024,1995,27
024,1996,28
024,1997,26
024,1998,28
024,1999,27
024,2000,29
024,2001,30
024,2002,29
024,2003,31
024,2004,27
024,2005,28
024,2006,31
024,2007,32
024,2008,28
024,2009,26
024,2010,26
024,2011,28
024,2012,30
024,2013,28
024,2014,28
024,2015,27
024,2016,27
024,2017,31
024,2018,28
024,2019,26
024,2020,28
024,2021,31
024,2022,29
024,2023,28
025,1895,29
025,1896,30
025,1897,32
025,1898,31
025,1899,30
025,1900,32
025,1901,36
025,1902,29
025,1903,29
025,1904,28
025,1905,31
025,1906,29
025,1907,30
025,1908,29
025,1909,32
025,1910,32
025,1911,32
025,1912,31
025,1913,34
025,1914,32
025,1915,27
025,1916,34
025,1917,33
025,1918,31
025,1919,32
025,1920,31
025,1921,32
025,1922,32
025,1923,31
025,1924,29
025,1925,32
025,1926,31
025,1927,30
025,1928,31
025,1929,31
025,1930,34
025,1931,33
025,1932,32
025,1933,33
025,1934,36
025,1935,34
025,1936,37
025,1937,34
025,1938,33
025,1939,34
025,1940,34
025,1941,31
025,1942,32
025,1943,32
025,1944,29
025,1945,30
025,1946,32
025,1947,33
025,1948,31
025,1949,31
025,1950,28
025,1951,28
025,1952,32
025,1953,31
025,1954,34
025,1955,34
025,1956,31
025,1957,32
025,1958,31
025,1959,32
025,1960,31
025,1961,31
025,1962,30
025,1963,32
025,1964,33
025,1965,29
025,1966,32
025,1967,29
025,1968,30
025,1969,31
025,1970,32
025,1971,31
025,1972,29
025,1973,31
025,1974,34
025,1975,32
025,1976,31
025,1977,32
025,1978,31
025,1979,29
025,1980,34
025,1981,30
025,1982,31
025,1983,33
025,1984,32
025,1985,31
025,1986,31
025,1987,32
025,1988,32
025,1989,31
025,1990,29
025,1991,31
025,1992,26
025,1993,28
025,1994,29
025,1995,32
025,1996,29
025,1997,31
025,1998,30
025,1999,31
025,2000,32
025,2001,32
025,2002,33
025,2003,32
025,2004,29
025,2005,32
025,2006,33
025,2007,31
025,2008,31
025,2009,28
025,2010,31
025,2011,32
025,2012,35
025,2013,29
025,2014,29
025,2015,30
025,2016,31
025,2017,32
025,2018,29
025,2019,30
025,2020,31
025,2021,31
025,2022,32
025,2023,30
026,1895,31
026,1896,31
026,1897,31
026,1898,32
026,1899,32
026,1900,31
026,1901,32
026,1902,29
026,1903,30
026,1904,29
026,1905,32
026,1906,32
026,1907,29
026,1908,32
026,1909,31
026,1910,32
026,1911,31
026,1912,28
026,1913,29
026,1914,31
026,1915,32
026,1916,31
026,1917,33
026,1918,31
026,1919,33
026,1920,31
026,1921,32
026,1922,32
026,1923,31
026,1924,32
026,1925,32
026,1926,31
026,1927,32
026,1928,32
026,1929,32
026,1930,31
026,1931,34
026,1932,31
026,1933,33
026,1934,33
026,1935,31
026,1936,32
026,1937,32
026,1938,30
026,1939,32
026,1940,32
026,1941,31
026,1942,33
026,1943,31
026,1944,31
026,1945,32
026,1946,31
026,1947,31
026,1948,31
026,1949,31
026,1950,31
026,1951,32
026,1952,31
026,1953,32
026,1954,32
026,1955,31
026,1956,31
026,1957,31
026,1958,32
026,1959,33
026,1960,33
026,1961,32
026,1962,30
026,1963,30
026,1964,32
026,1965,29
026,1966,31
026,1967,32
026,1968,32
026,1969,32
026,1970,31
026,1971,32
026,1972,32
026,1973,31
026,1974,31
026,1975,31
026,1976,31
026,1977,31
026,1978,31
026,1979,31
026,1980,31
026,1981,32
026,1982,30
026,1983,29
026,1984,31
026,1985,32
026,1986,32
026,1987,31
026,1988,33
026,1989,33
026,1990,32
026,1991,32
026,1992,31
026,1993,29
026,1994,33
026,1995,31
026,1996,33
026,1997,31
026,1998,32
026,1999,31
026,2000,32
026,2001,33
026,2002,34
026,2003,34
026,2004,32
026,2005,33
026,2006,33
026,2007,34
026,2008,33
026,2009,32
026,2010,32
026,2011,32
026,2012,32
026,2013,33
026,2014,33
026,2015,31
026,2016,32
026,2017,33
026,2018,33
026,2019,32
026,2020,33
026,2021,33
026,2022,33
026,2023,34
027,1895,25
027,1896,26
027,1897,26
027,1898,26
027,1899,25
027,1900,26
027,1901,26
027,1902,23
027,1903,24
027,1904,25
027,1905,26
027,1906,26
027,1907,25
027,1908,27
027,1909,24
027,1910,27
027,1911,28
027,1912,26
027,1913,26
027,1914,23
027,1915,23
027,1916,26
027,1917,26
027,1918,25
027,1919,27
027,1920,26
027,1921,27
027,1922,25
027,1923,24
027,1924,26
027,1925,24
027,1926,25
027,1927,25
027,1928,26
027,1929,26
027,1930,26
027,1931,27
027,1932,26
027,1933,26
027,1934,27
027,1935,27
027,1936,24
027,1937,27
027,1938,26
027,1939,26
027,1940,26
027,1941,26
027,1942,25
027,1943,26
027,1944,27
027,1945,25
027,1946,26
027,1947,27
027,1948,27
027,1949,28
027,1950,26
027,1951,26
027,1952,28
027,1953,27
027,1954,24
027,1955,29
027,1956,24
027,1957,25
027,1958,24
027,1959,27
027,1960,25
027,1961,25
027,1962,24
027,1963,27
027,1964,26
027,1965,24
027,1966,26
027,1967,26
027,1968,27
027,1969,26
027,1970,27
027,1971,26
027,1972,26
027,1973,26
027,1974,26
027,1975,27
027,1976,26
027,1977,26
027,1978,26
027,1979,27
027,1980,26
027,1981,26
027,1982,26
027,1983,27
027,1984,26
027,1985,26
027,1986,24
027,1987,26
027,1988,27
027,1989,26
027,1990,26
027,1991,26
027,1992,23
027,1993,26
027,1994,27
027,1995,27
027,1996,25
027,1997,26
027,1998,26
027,1999,27
027,2000,23
027,2001,27
027,2002,27
027,2003,26
027,2004,24
027,2005,27
027,2006,27
027,2007,26
027,2008,26
027,2009,26
027,2010,28
027,2011,27
027,2012,27
027,2013,27
027,2014,26
027,2015,26
027,2016,27
027,2017,25
027,2018,28
027,2019,28
027,2020,27
027,2021,26
027,2022,27
027,2023,27
028,1895,29
028,1896,28
028,1897,28
028,1898,29
028,1899,28
028,1900,29
028,1901,29
028,1902,28
028,1903,28
028,1904,27
028,1905,28
028,1906,27
028,1907,28
028,1908,29
028,1909,28
028,1910,29
028,1911,29
028,1912,28
028,1913,29
028,1914,28
028,1915,28
028,1916,28
028,1917,28
028,1918,29
028,1919,28
028,1920,27
028,1921,29
028,1922,28
028,1923,28
028,1924,28
028,1925,29
028,1926,28
028,1927,28
028,1928,28
028,1929,29
028,1930,29
028,1931,30
028,1932,29
028,1933,28
028,1934,30
028,1935,29
028,1936,29
028,1937,29
028,1938,29
028,1939,29
028,1940,29
028,1941,28
028,1942,29
028,1943,29
028,1944,31
028,1945,27
028,1946,28
028,1947,28
028,1948,29
028,1949,31
028,1950,28
028,1951,29
028,1952,31
028,1953,30
028,1954,30
028,1955,32
028,1956,27
028,1957,30
028,1958,29
028,1959,29
028,1960,28
028,1961,29
028,1962,28
028,1963,29
028,1964,29
028,1965,28
028,1966,31
028,1967,28
028,1968,29
028,1969,28
028,1970,29
028,1971,29
028,1972,29
028,1973,29
028,1974,29
028,1975,28
028,1976,28
028,1977,30
028,1978,28
028,1979,28
028,1980,30
028,1981,29
028,1982,29
028,1983,31
028,1984,28
028,1985,29
028,1986,29
028,1987,30
028,1988,31
028,1989,28
028,1990,28
028,1991,29
028,1992,28
028,1993,31
028,1994,30
028,1995,30
028,1996,28
028,1997,29
028,1998,29
028,1999,32
028,2000,27
028,2001,29
028,2002,31
028,2003,29
028,2004,28
028,2005,30
028,2006,30
028,2007,29
028,2008,30
028,2009,29
028,2010,32
028,2011,32
028,2012,31
028,2013,30
028,2014,29
028,2015,29
028,2016,31
028,2017,29
028,2018,30
028,2019,31
028,2020,31
028,2021,29
028,2022,31
028,2023,30
029,1895,29
029,1896,32
029,1897,29
029,1898,29
029,1899,30
029,1900,31
029,1901,31
029,1902,32
029,1903,31
029,1904,29
029,1905,29
029,1906,30
029,1907,30
029,1908,29
029,1909,31
029,1910,32
029,1911,30
029,1912,30
029,1913,31
029,1914,29
029,1915,29
029,1916,31
029,1917,32
029,1918,31
029,1919,30
029,1920,31
029,1921,28
029,1922,32
029,1923,31
029,1924,32
029,1925,31
029,1926,30
029,1927,31
029,1928,31
029,1929,31
029,1930,30
029,1931,31
029,1932,30
029,1933,31
029,1934,33
029,1935,31
029,1936,31
029,1937,31
029,1938,31
029,1939,31
029,1940,31
029,1941,29
029,1942,31
029,1943,31
029,1944,31
029,1945,31
029,1946,31
029,1947,32
029,1948,32
029,1949,30
029,1950,31
029,1951,33
029,1952,31
029,1953,32
029,1954,32
029,1955,29
029,1956,32
029,1957,31
029,1958,32
029,1959,31
029,1960,31
029,1961,31
029,1962,31
029,1963,32
029,1964,32
029,1965,31
029,1966,32
029,1967,30
029,1968,31
029,1969,31
029,1970,31
029,1971,31
029,1972,30
029,1973,30
029,1974,32
029,1975,29
029,1976,29
029,1977,31
029,1978,32
029,1979,31
029,1980,33
029,1981,31
029,1982,31
029,1983,31
029,1984,30
029,1985,31
029,1986,29
029,1987,31
029,1988,30
029,1989,31
029,1990,33
029,1991,29
029,1992,30
029,1993,31
029,1994,33
029,1995,31
029,1996,31
029,1997,31
029,1998,31
029,1999,29
029,2000,32
029,2001,32
029,2002,33
029,2003,34
029,2004,31
029,2005,33
029,2006,32
029,2007,31
029,2008,32
029,2009,32
029,2010,32
029,2011,33
029,2012,33
029,2013,33
029,2014,32
029,2015,31
029,2016,33
029,2017,32
029,2018,33
029,2019,33
029,2020,33
029,2021,31
029,2022,32
029,2023,34
030,1895,26
030,1896,26
030,1897,27
030,1898,28
030,1899,26
030,1900,27
030,1901,28
030,1902,24
030,1903,24
030,1904,25
030,1905,26
030,1906,26
030,1907,26
030,1908,27
030,1909,25
030,1910,27
030,1911,28
030,1912,27
030,1913,27
030,1914,25
030,1915,25
030,1916,28
030,1917,26
030,1918,27
030,1919,27
030,1920,25
030,1921,29
030,1922,26
030,1923,26
030,1924,26
030,1925,26
030,1926,26
030,1927,25
030,1928,26
030,1929,26
030,1930,26
030,1931,27
030,1932,26
030,1933,28
030,1934,28
030,1935,27
030,1936,27
030,1937,27
030,1938,27
030,1939,27
030,1940,26
030,1941,27
030,1942,26
030,1943,27
030,1944,27
030,1945,26
030,1946,26
030,1947,27
030,1948,27
030,1949,28
030,1950,26
030,1951,26
030,1952,28
030,1953,27
030,1954,26
030,1955,29
030,1956,24
030,1957,26
030,1958,26
030,1959,27
030,1960,25
030,1961,26
030,1962,25
030,1963,26
030,1964,27
030,1965,25
030,1966,27
030,1967,26
030,1968,27
030,1969,26
030,1970,26
030,1971,26
030,1972,26
030,1973,27
030,1974,26
030,1975,27
030,1976,25
030,1977,26
030,1978,26
030,1979,27
030,1980,26
030,1981,26
030,1982,27
030,1983,28
030,1984,26
030,1985,26
030,1986,25
030,1987,27
030,1988,28
030,1989,26
030,1990,26
030,1991,27
030,1992,23
030,1993,27
030,1994,27
030,1995,27
030,1996,26
030,1997,26
030,1998,26
030,1999,28
030,2000,24
030,2001,27
030,2002,27
030,2003,26
030,2004,24
030,2005,27
030,2006,27
030,2007,26
030,2008,26
030,2009,25
030,2010,28
030,2011,28
030,2012,28
030,2013,27
030,2014,25
030,2015,26
030,2016,27
030,2017,25
030,2018,28
030,2019,27
030,2020,28
030,2021,27
030,2022,27
030,2023,27
031,1895,30
031,1896,31
031,1897,31
031,1898,31
031,1899,31
031,1900,33
031,1901,31
031,1902,32
031,1903,31
031,1904,30
031,1905,30
031,1906,30
031,1907,31
031,1908,30
031,1909,29
031,1910,30
031,1911,31
031,1912,30
031,1913,32
031,1914,31
031,1915,31
031,1916,30
031,1917,30
031,1918,31
031,1919,31
031,1920,29
031,1921,31
031,1922,30
031,1923,31
031,1924,31
031,1925,32
031,1926,31
031,1927,30
031,1928,31
031,1929,29
031,1930,32
031,1931,32
031,1932,33
031,1933,31
031,1934,32
031,1935,30
031,1936,32
031,1937,31
031,1938,32
031,1939,31
031,1940,31
031,1941,31
031,1942,32
031,1943,32
031,1944,32
031,1945,30
031,1946,29
031,1947,31
031,1948,31
031,1949,31
031,1950,29
031,1951,31
031,1952,32
031,1953,32
031,1954,32
031,1955,31
031,1956,31
031,1957,31
031,1958,31
031,1959,31
031,1960,30
031,1961,31
031,1962,29
031,1963,30
031,1964,29
031,1965,30
031,1966,31
031,1967,29
031,1968,32
031,1969,31
031,1970,31
031,1971,29
031,1972,30
031,1973,30
031,1974,29
031,1975,31
031,1976,30
031,1977,33
031,1978,31
031,1979,31
031,1980,32
031,1981,31
031,1982,30
031,1983,32
031,1984,30
031,1985,29
031,1986,33
031,1987,32
031,1988,31
031,1989,29
031,1990,31
031,1991,31
031,1992,32
031,1993,33
031,1994,30
031,1995,31
031,1996,30
031,1997,31
031,1998,31
031,1999,31
031,2000,29
031,2001,30
031,2002,32
031,2003,30
031,2004,31
031,2005,31
031,2006,31
031,2007,33
031,2008,32
031,2009,30
031,2010,32
031,2011,32
031,2012,32
031,2013,29
031,2014,29
031,2015,31
031,2016,32
031,2017,31
031,2018,31
031,2019,32
031,2020,32
031,2021,31
031,2022,31
031,2023,31
032,1895,27
032,1896,27
032,1897,27
032,1898,27
032,1899,27
032,1900,28
032,1901,28
032,1902,27
032,1903,26
032,1904,25
032,1905,27
032,1906,27
032,1907,26
032,1908,28
032,1909,28
032,1910,29
032,1911,27
032,1912,26
032,1913,28
032,1914,29
032,1915,26
032,1916,29
032,1917,29
032,1918,26
032,1919,29
032,1920,28
032,1921,29
032,1922,29
032,1923,28
032,1924,26
032,1925,28
032,1926,29
032,1927,25
032,1928,26
032,1929,30
032,1930,31
032,1931,29
032,1932,29
032,1933,30
032,1934,31
032,1935,30
032,1936,36
032,1937,31
032,1938,29
032,1939,31
032,1940,29
032,1941,29
032,1942,26
032,1943,28
032,1944,27
032,1945,27
032,1946,29
032,1947,29
032,1948,28
032,1949,30
032,1950,26
032,1951,28
032,1952,27
032,1953,28
032,1954,28
032,1955,29
032,1956,27
032,1957,30
032,1958,29
032,1959,29
032,1960,30
032,1961,31
032,1962,28
032,1963,29
032,1964,29
032,1965,27
032,1966,29
032,1967,29
032,1968,27
032,1969,31
032,1970,29
032,1971,29
032,1972,28
032,1973,29
032,1974,31
032,1975,29
032,1976,29
032,1977,28
032,1978,28
032,1979,28
032,1980,29
032,1981,28
032,1982,28
032,1983,31
032,1984,30
032,1985,29
032,1986,27
032,1987,27
032,1988,32
032,1989,31
032,1990,28
032,1991,29
032,1992,24
032,1993,24
032,1994,26
032,1995,28
032,1996,28
032,1997,27
032,1998,28
032,1999,27
032,2000,27
032,2001,29
032,2002,29
032,2003,30
032,2004,26
032,2005,28
032,2006,32
032,2007,30
032,2008,28
032,2009,25
032,2010,27
032,2011,28
032,2012,31
032,2013,27
032,2014,26
032,2015,28
032,2016,27
032,2017,30
032,2018,28
032,2019,27
032,2020,28
032,2021,31
032,2022,28
032,2023,27
033,1895,29
033,1896,28
033,1897,30
033,1898,31
033,1899,30
033,1900,31
033,1901,32
033,1902,29
033,1903,29
033,1904,28
033,1905,28
033,1906,29
033,1907,28
033,1908,29
033,1909,28
033,1910,29
033,1911,30
033,1912,28
033,1913,30
033,1914,30
033,1915,27
033,1916,31
033,1917,28
033,1918,31
033,1919,31
033,1920,27
033,1921,32
033,1922,28
033,1923,29
033,1924,28
033,1925,29
033,1926,29
033,1927,28
033,1928,29
033,1929,29
033,1930,32
033,1931,32
033,1932,29
033,1933,31
033,1934,32
033,1935,31
033,1936,32
033,1937,29
033,1938,29
033,1939,28
033,1940,29
033,1941,30
033,1942,29
033,1943,29
033,1944,31
033,1945,28
033,1946,29
033,1947,31
033,1948,29
033,1949,31
033,1950,27
033,1951,29
033,1952,31
033,1953,30
033,1954,30
033,1955,31
033,1956,27
033,1957,29
033,1958,28
033,1959,30
033,1960,28
033,1961,28
033,1962,28
033,1963,29
033,1964,29
033,1965,28
033,1966,30
033,1967,28
033,1968,28
033,1969,28
033,1970,28
033,1971,29
033,1972,28
033,1973,28
033,1974,29
033,1975,29
033,1976,28
033,1977,30
033,1978,28
033,1979,27
033,1980,29
033,1981,28
033,1982,29
033,1983,31
033,1984,28
033,1985,28
033,1986,29
033,1987,29
033,1988,31
033,1989,28
033,1990,27
033,1991,30
033,1992,27
033,1993,29
033,1994,28
033,1995,30
033,1996,28
033,1997,28
033,1998,28
033,1999,31
033,2000,27
033,2001,28
033,2002,31
033,2003,28
033,2004,27
033,2005,29
033,2006,29
033,2007,29
033,2008,28
033,2009,27
033,2010,30
033,2011,31
033,2012,32
033,2013,27
033,2014,27
033,2015,27
033,2016,30
033,2017,28
033,2018,29
033,2019,30
033,2020,31
033,2021,29
033,2022,29
033,2023,28
034,1895,33
034,1896,37
034,1897,36
034,1898,33
034,1899,37
034,1900,34
034,1901,38
034,1902,36
034,1903,34
034,1904,33
034,1905,33
034,1906,31
034,1907,34
034,1908,33
034,1909,36
034,1910,35
034,1911,37
034,1912,35
034,1913,37
034,1914,36
034,1915,32
034,1916,36
034,1917,35
034,1918,37
034,1919,34
034,1920,33
034,1921,34
034,1922,36
034,1923,36
034,1924,35
034,1925,35
034,1926,33
034,1927,33
034,1928,33
034,1929,36
034,1930,36
034,1931,35
034,1932,34
034,1933,35
034,1934,39
034,1935,36
034,1936,39
034,1937,36
034,1938,36
034,1939,36
034,1940,34
034,1941,34
034,1942,34
034,1943,38
034,1944,34
034,1945,33
034,1946,36
034,1947,36
034,1948,33
034,1949,34
034,1950,31
034,1951,36
034,1952,36
034,1953,36
034,1954,39
034,1955,35
034,1956,37
034,1957,36
034,1958,33
034,1959,33
034,1960,33
034,1961,32
034,1962,35
034,1963,36
034,1964,37
034,1965,35
034,1966,36
034,1967,32
034,1968,33
034,1969,36
034,1970,36
034,1971,34
034,1972,33
034,1973,33
034,1974,36
034,1975,33
034,1976,34
034,1977,36
034,1978,37
034,1979,33
034,1980,39
034,1981,34
034,1982,35
034,1983,37
034,1984,34
034,1985,34
034,1986,36
034,1987,34
034,1988,34
034,1989,32
034,1990,33
034,1991,34
034,1992,32
034,1993,34
034,1994,33
034,1995,34
034,1996,33
034,1997,34
034,1998,37
034,1999,36
034,2000,37
034,2001,37
034,2002,33
034,2003,36
034,2004,31
034,2005,33
034,2006,36
034,2007,34
034,2008,34
034,2009,34
034,2010,36
034,2011,39
034,2012,37
034,2013,33
034,2014,34
034,2015,33
034,2016,34
034,2017,34
034,2018,35
034,2019,34
034,2020,34
034,2021,33
034,2022,38
034,2023,36
035,1895,25
035,1896,28
035,1897,27
035,1898,27
035,1899,26
035,1900,26
035,1901,27
035,1902,26
035,1903,25
035,1904,27
035,1905,28
035,1906,30
035,1907,26
035,1908,28
035,1909,26
035,1910,27
035,1911,28
035,1912,24
035,1913,26
035,1914,27
035,1915,29
035,1916,26
035,1917,28
035,1918,26
035,1919,28
035,1920,27
035,1921,27
035,1922,28
035,1923,27
035,1924,27
035,1925,28
035,1926,28
035,1927,27
035,1928,27
035,1929,28
035,1930,27
035,1931,29
035,1932,25
035,1933,28
035,1934,28
035,1935,27
035,1936,27
035,1937,27
035,1938,28
035,1939,28
035,1940,28
035,1941,28
035,1942,27
035,1943,27
035,1944,26
035,1945,28
035,1946,27
035,1947,26
035,1948,24
035,1949,27
035,1950,27
035,1951,28
035,1952,27
035,1953,27
035,1954,26
035,1955,27
035,1956,27
035,1957,26
035,1958,28
035,1959,28
035,1960,29
035,1961,28
035,1962,26
035,1963,26
035,1964,26
035,1965,27
035,1966,27
035,1967,30
035,1968,28
035,1969,26
035,1970,28
035,1971,28
035,1972,27
035,1973,28
035,1974,27
035,1975,27
035,1976,26
035,1977,27
035,1978,26
035,1979,27
035,1980,26
035,1981,29
035,1982,26
035,1983,26
035,1984,27
035,1985,29
035,1986,29
035,1987,27
035,1988,28
035,1989,26
035,1990,28
035,1991,28
035,1992,28
035,1993,24
035,1994,29
035,1995,26
035,1996,29
035,1997,27
035,1998,29
035,1999,26
035,2000,28
035,2001,28
035,2002,29
035,2003,31
035,2004,28
035,2005,28
035,2006,29
035,2007,29
035,2008,28
035,2009,29
035,2010,27
035,2011,28
035,2012,29
035,2013,30
035,2014,29
035,2015,28
035,2016,28
035,2017,29
035,2018,29
035,2019,28
035,2020,28
035,2021,31
035,2022,30
035,2023,29
036,1895,28
036,1896,27
036,1897,27
036,1898,29
036,1899,28
036,1900,29
036,1901,29
036,1902,27
036,1903,27
036,1904,26
036,1905,27
036,1906,27
036,1907,27
036,1908,28
036,1909,27
036,1910,28
036,1911,29
036,1912,27
036,1913,28
036,1914,27
036,1915,26
036,1916,28
036,1917,27
036,1918,28
036,1919,28
036,1920,26
036,1921,29
036,1922,27
036,1923,27
036,1924,26
036,1925,28
036,1926,27
036,1927,27
036,1928,27
036,1929,28
036,1930,29
036,1931,29
036,1932,28
036,1933,28
036,1934,30
036,1935,29
036,1936,29
036,1937,28
036,1938,29
036,1939,28
036,1940,28
036,1941,28
036,1942,28
036,1943,28
036,1944,29
036,1945,27
036,1946,28
036,1947,28
036,1948,28
036,1949,29
036,1950,26
036,1951,28
036,1952,29
036,1953,29
036,1954,28
036,1955,31
036,1956,26
036,1957,28
036,1958,27
036,1959,28
036,1960,27
036,1961,27
036,1962,27
036,1963,28
036,1964,28
036,1965,27
036,1966,29
036,1967,27
036,1968,28
036,1969,27
036,1970,27
036,1971,27
036,1972,27
036,1973,27
036,1974,27
036,1975,28
036,1976,26
036,1977,28
036,1978,27
036,1979,26
036,1980,28
036,1981,27
036,1982,28
036,1983,29
036,1984,27
036,1985,27
036,1986,27
036,1987,29
036,1988,30
036,1989,27
036,1990,27
036,1991,28
036,1992,26
036,1993,28
036,1994,28
036,1995,29
036,1996,26
036,1997,27
036,1998,27
036,1999,30
036,2000,25
036,2001,28
036,2002,29
036,2003,27
036,2004,26
036,2005,29
036,2006,28
036,2007,27
036,2008,28
036,2009,27
036,2010,29
036,2011,30
036,2012,29
036,2013,28
036,2014,26
036,2015,27
036,2016,29
036,2017,27
036,2018,28
036,2019,29
036,2020,30
036,2021,28
036,2022,29
036,2023,28
037,1895,26
037,1896,26
037,1897,26
037,1898,26
037,1899,26
037,1900,27
037,1901,27
037,1902,24
037,1903,26
037,1904,25
037,1905,26
037,1906,26
037,1907,26
037,1908,27
037,1909,26
037,1910,28
037,1911,28
037,1912,26
037,1913,27
037,1914,24
037,1915,24
037,1916,26
037,1917,26
037,1918,26
037,1919,26
037,1920,26
037,1921,27
037,1922,25
037,1923,25
037,1924,27
037,1925,26
037,1926,26
037,1927,25
037,1928,26
037,1929,26
037,1930,27
037,1931,26
037,1932,26
037,1933,26
037,1934,27
037,1935,27
037,1936,26
037,1937,27
037,1938,27
037,1939,27
037,1940,26
037,1941,26
037,1942,26
037,1943,27
037,1944,28
037,1945,26
037,1946,25
037,1947,27
037,1948,27
037,1949,29
037,1950,26
037,1951,27
037,1952,29
037,1953,27
037,1954,26
037,1955,29
037,1956,26
037,1957,28
037,1958,26
037,1959,27
037,1960,26
037,1961,26
037,1962,24
037,1963,27
037,1964,26
037,1965,27
037,1966,28
037,1967,26
037,1968,27
037,1969,27
037,1970,27
037,1971,27
037,1972,26
037,1973,27
037,1974,27
037,1975,27
037,1976,26
037,1977,27
037,1978,26
037,1979,27
037,1980,28
037,1981,28
037,1982,27
037,1983,28
037,1984,27
037,1985,27
037,1986,26
037,1987,27
037,1988,27
037,1989,27
037,1990,27
037,1991,28
037,1992,25
037,1993,28
037,1994,28
037,1995,28
037,1996,26
037,1997,27
037,1998,27
037,1999,29
037,2000,25
037,2001,28
037,2002,28
037,2003,27
037,2004,26
037,2005,28
037,2006,28
037,2007,27
037,2008,28
037,2009,27
037,2010,29
037,2011,29
037,2012,28
037,2013,29
037,2014,27
037,2015,28
037,2016,29
037,2017,27
037,2018,28
037,2019,29
037,2020,29
037,2021,27
037,2022,29
037,2023,28
038,1895,32
038,1896,32
038,1897,33
038,1898,33
038,1899,33
038,1900,35
038,1901,33
038,1902,34
038,1903,33
038,1904,32
038,1905,32
038,1906,32
038,1907,33
038,1908,32
038,1909,32
038,1910,32
038,1911,34
038,1912,32
038,1913,33
038,1914,33
038,1915,33
038,1916,32
038,1917,32
038,1918,33
038,1919,32
038,1920,32
038,1921,33
038,1922,32
038,1923,32
038,1924,33
038,1925,34
038,1926,33
038,1927,31
038,1928,32
038,1929,32
038,1930,34
038,1931,34
038,1932,35
038,1933,33
038,1934,34
038,1935,32
038,1936,34
038,1937,32
038,1938,33
038,1939,33
038,1940,32
038,1941,32
038,1942,33
038,1943,33
038,1944,34
038,1945,32
038,1946,31
038,1947,32
038,1948,33
038,1949,32
038,1950,32
038,1951,33
038,1952,34
038,1953,33
038,1954,34
038,1955,33
038,1956,33
038,1957,32
038,1958,32
038,1959,32
038,1960,32
038,1961,32
038,1962,32
038,1963,32
038,1964,32
038,1965,32
038,1966,32
038,1967,31
038,1968,33
038,1969,33
038,1970,33
038,1971,32
038,1972,32
038,1973,32
038,1974,31
038,1975,32
038,1976,32
038,1977,34
038,1978,33
038,1979,32
038,1980,34
038,1981,33
038,1982,32
038,1983,34
038,1984,32
038,1985,32
038,1986,36
038,1987,34
038,1988,33
038,1989,32
038,1990,33
038,1991,32
038,1992,33
038,1993,36
038,1994,31
038,1995,33
038,1996,32
038,1997,32
038,1998,34
038,1999,34
038,2000,32
038,2001,32
038,2002,34
038,2003,31
038,2004,32
038,2005,33
038,2006,33
038,2007,35
038,2008,33
038,2009,32
038,2010,34
038,2011,34
038,2012,34
038,2013,31
038,2014,32
038,2015,34
038,2016,35
038,2017,33
038,2018,32
038,2019,33
038,2020,33
038,2021,32
038,2022,32
038,2023,33
039,1895,29
039,1896,29
039,1897,29
039,1898,29
039,1899,30
039,1900,30
039,1901,33
039,1902,29
039,1903,28
039,1904,28
039,1905,29
039,1906,28
039,1907,29
039,1908,29
039,1909,31
039,1910,31
039,1911,31
039,1912,28
039,1913,31
039,1914,32
039,1915,25
039,1916,32
039,1917,32
039,1918,28
039,1919,31
039,1920,28
039,1921,31
039,1922,31
039,1923,30
039,1924,28
039,1925,31
039,1926,31
039,1927,27
039,1928,29
039,1929,31
039,1930,34
039,1931,33
039,1932,31
039,1933,33
039,1934,33
039,1935,34
039,1936,38
039,1937,33
039,1938,32
039,1939,33
039,1940,33
039,1941,31
039,1942,29
039,1943,31
039,1944,28
039,1945,29
039,1946,31
039,1947,33
039,1948,29
039,1949,32
039,1950,27
039,1951,28
039,1952,31
039,1953,29
039,1954,32
039,1955,32
039,1956,31
039,1957,31
039,1958,31
039,1959,32
039,1960,32
039,1961,32
039,1962,29
039,1963,31
039,1964,32
039,1965,29
039,1966,33
039,1967,29
039,1968,29
039,1969,32
039,1970,32
039,1971,32
039,1972,28
039,1973,32
039,1974,33
039,1975,32
039,1976,32
039,1977,31
039,1978,29
039,1979,28
039,1980,32
039,1981,30
039,1982,30
039,1983,33
039,1984,31
039,1985,31
039,1986,29
039,1987,31
039,1988,32
039,1989,32
039,1990,29
039,1991,30
039,1992,25
039,1993,27
039,1994,28
039,1995,30
039,1996,29
039,1997,28
039,1998,29
039,1999,29
039,2000,31
039,2001,31
039,2002,33
039,2003,32
039,2004,28
039,2005,31
039,2006,34
039,2007,32
039,2008,30
039,2009,27
039,2010,31
039,2011,31
039,2012,34
039,2013,29
039,2014,28
039,2015,29
039,2016,30
039,2017,33
039,2018,29
039,2019,28
039,2020,30
039,2021,31
039,2022,31
039,2023,29
040,1895,31
040,1896,32
040,1897,31
040,1898,32
040,1899,32
040,1900,33
040,1901,34
040,1902,33
040,1903,31
040,1904,31
040,1905,31
040,1906,31
040,1907,32
040,1908,31
040,1909,32
040,1910,30
040,1911,32
040,1912,30
040,1913,33
040,1914,34
040,1915,31
040,1916,31
040,1917,30
040,1918,33
040,1919,32
040,1920,31
040,1921,33
040,1922,31
040,1923,31
040,1924,33
040,1925,33
040,1926,32
040,1927,32
040,1928,31
040,1929,31
040,1930,35
040,1931,32
040,1932,32
040,1933,32
040,1934,33
040,1935,32
040,1936,33
040,1937,32
040,1938,32
040,1939,32
040,1940,31
040,1941,32
040,1942,32
040,1943,33
040,1944,32
040,1945,31
040,1946,31
040,1947,32
040,1948,32
040,1949,31
040,1950,29
040,1951,32
040,1952,34
040,1953,33
040,1954,34
040,1955,32
040,1956,32
040,1957,31
040,1958,31
040,1959,31
040,1960,31
040,1961,30
040,1962,32
040,1963,31
040,1964,31
040,1965,31
040,1966,32
040,1967,29
040,1968,32
040,1969,33
040,1970,31
040,1971,31
040,1972,30
040,1973,31
040,1974,31
040,1975,31
040,1976,30
040,1977,32
040,1978,32
040,1979,29
040,1980,34
040,1981,31
040,1982,31
040,1983,33
040,1984,31
040,1985,31
040,1986,33
040,1987,32
040,1988,32
040,1989,30
040,1990,31
040,1991,31
040,1992,30
040,1993,33
040,1994,29
040,1995,32
040,1996,29
040,1997,31
040,1998,31
040,1999,32
040,2000,32
040,2001,31
040,2002,32
040,2003,31
040,2004,29
040,2005,32
040,2006,32
040,2007,35
040,2008,31
040,2009,30
040,2010,32
040,2011,32
040,2012,33
040,2013,29
040,2014,30
040,2015,31
040,2016,32
040,2017,31
040,2018,31
040,2019,32
040,2020,32
040,2021,31
040,2022,32
040,2023,31
041,1895,34
041,1896,36
041,1897,36
041,1898,34
041,1899,37
041,1900,34
041,1901,36
041,1902,35
041,1903,33
041,1904,33
041,1905,34
041,1906,33
041,1907,35
041,1908,33
041,1909,35
041,1910,36
041,1911,36
041,1912,35
041,1913,35
041,1914,35
041,1915,34
041,1916,34
041,1917,36
041,1918,36
041,1919,34
041,1920,34
041,1921,36
041,1922,36
041,1923,35
041,1924,36
041,1925,36
041,1926,34
041,1927,36
041,1928,34
041,1929,36
041,1930,36
041,1931,34
041,1932,35
041,1933,36
041,1934,37
041,1935,35
041,1936,36
041,1937,36
041,1938,35
041,1939,36
041,1940,34
041,1941,34
041,1942,34
041,1943,37
041,1944,36
041,1945,34
041,1946,36
041,1947,36
041,1948,36
041,1949,34
041,1950,34
041,1951,37
041,1952,37
041,1953,37
041,1954,37
041,1955,34
041,1956,36
041,1957,36
041,1958,35
041,1959,34
041,1960,34
041,1961,33
041,1962,36
041,1963,36
041,1964,36
041,1965,35
041,1966,35
041,1967,34
041,1968,33
041,1969,36
041,1970,35
041,1971,34
041,1972,33
041,1973,33
041,1974,35
041,1975,33
041,1976,34
041,1977,35
041,1978,36
041,1979,34
041,1980,37
041,1981,34
041,1982,35
041,1983,35
041,1984,34
041,1985,36
041,1986,35
041,1987,34
041,1988,34
041,1989,34
041,1990,36
041,1991,33
041,1992,33
041,1993,35
041,1994,35
041,1995,35
041,1996,35
041,1997,34
041,1998,37
041,1999,36
041,2000,36
041,2001,36
041,2002,34
041,2003,35
041,2004,33
041,2005,34
041,2006,35
041,2007,33
041,2008,35
041,2009,36
041,2010,36
041,2011,38
041,2012,36
041,2013,35
041,2014,34
041,2015,36
041,2016,36
041,2017,35
041,2018,36
041,2019,37
041,2020,36
041,2021,33
041,2022,38
041,2023,38
042,1895,29
042,1896,28
042,1897,28
042,1898,31
042,1899,30
042,1900,30
042,1901,32
042,1902,28
042,1903,29
042,1904,29
042,1905,29
042,1906,29
042,1907,29
042,1908,29
042,1909,29
042,1910,30
042,1911,29
042,1912,27
042,1913,28
042,1914,29
042,1915,29
042,1916,29
042,1917,31
042,1918,29
042,1919,31
042,1920,30
042,1921,29
042,1922,30
042,1923,29
042,1924,29
042,1925,30
042,1926,29
042,1927,29
042,1928,30
042,1929,29
042,1930,29
042,1931,32
042,1932,29
042,1933,31
042,1934,32
042,1935,31
042,1936,30
042,1937,29
042,1938,29
042,1939,31
042,1940,31
042,1941,29
042,1942,31
042,1943,31
042,1944,30
042,1945,30
042,1946,31
042,1947,31
042,1948,30
042,1949,29
042,1950,29
042,1951,31
042,1952,29
042,1953,31
042,1954,31
042,1955,30
042,1956,30
042,1957,29
042,1958,31
042,1959,31
042,1960,32
042,1961,31
042,1962,29
042,1963,31
042,1964,31
042,1965,28
042,1966,31
042,1967,30
042,1968,29
042,1969,31
042,1970,30
042,1971,31
042,1972,31
042,1973,29
042,1974,30
042,1975,29
042,1976,31
042,1977,29
042,1978,31
042,1979,31
042,1980,31
042,1981,31
042,1982,29
042,1983,28
042,1984,29
042,1985,30
042,1986,29
042,1987,28
042,1988,32
042,1989,32
042,1990,31
042,1991,31
042,1992,29
042,1993,28
042,1994,32
042,1995,30
042,1996,32
042,1997,29
042,1998,31
042,1999,29
042,2000,32
042,2001,31
042,2002,33
042,2003,34
042,2004,31
042,2005,32
042,2006,32
042,2007,33
042,2008,32
042,2009,31
042,2010,31
042,2011,31
042,2012,31
042,2013,32
042,2014,32
042,2015,29
042,2016,31
042,2017,32
042,2018,32
042,2019,31
042,2020,33
042,2021,32
042,2022,32
042,2023,33
043,1895,25
043,1896,25
043,1897,26
043,1898,26
043,1899,25
043,1900,25
043,1901,26
043,1902,23
043,1903,23
043,1904,24
043,1905,25
043,1906,26
043,1907,25
043,1908,27
043,1909,24
043,1910,26
043,1911,28
043,1912,26
043,1913,26
043,1914,24
043,1915,24
043,1916,27
043,1917,26
043,1918,26
043,1919,26
043,1920,26
043,1921,28
043,1922,25
043,1923,24
043,1924,25
043,1925,24
043,1926,24
043,1927,24
043,1928,25
043,1929,25
043,1930,25
043,1931,27
043,1932,24
043,1933,26
043,1934,27
043,1935,27
043,1936,24
043,1937,27
043,1938,26
043,1939,26
043,1940,25
043,1941,26
043,1942,24
043,1943,26
043,1944,27
043,1945,25
043,1946,25
043,1947,27
043,1948,26
043,1949,28
043,1950,25
043,1951,25
043,1952,27
043,1953,26
043,1954,23
043,1955,28
043,1956,23
043,1957,25
043,1958,24
043,1959,27
043,1960,24
043,1961,24
043,1962,23
043,1963,26
043,1964,26
043,1965,24
043,1966,26
043,1967,25
043,1968,26
043,1969,25
043,1970,26
043,1971,25
043,1972,25
043,1973,26
043,1974,25
043,1975,27
043,1976,25
043,1977,25
043,1978,26
043,1979,26
043,1980,25
043,1981,25
043,1982,26
043,1983,26
043,1984,25
043,1985,26
043,1986,23
043,1987,26
043,1988,26
043,1989,26
043,1990,25
043,1991,25
043,1992,22
043,1993,26
043,1994,26
043,1995,27
043,1996,24
043,1997,24
043,1998,24
043,1999,27
043,2000,23
043,2001,27
043,2002,26
043,2003,25
043,2004,24
043,2005,26
043,2006,27
043,2007,24
043,2008,25
043,2009,24
043,2010,27
043,2011,27
043,2012,27
043,2013,27
043,2014,25
043,2015,25
043,2016,26
043,2017,24
043,2018,27
043,2019,27
043,2020,28
043,2021,26
043,2022,27
043,2023,26
044,1895,30
044,1896,29
044,1897,30
044,1898,30
044,1899,31
044,1900,32
044,1901,31
044,1902,31
044,1903,30
044,1904,29
044,1905,29
044,1906,29
044,1907,29
044,1908,29
044,1909,29
044,1910,29
044,1911,31
044,1912,29
044,1913,30
044,1914,30
044,1915,29
044,1916,28
044,1917,28
044,1918,30
044,1919,29
044,1920,28
044,1921,30
044,1922,28
044,1923,29
044,1924,29
044,1925,31
044,1926,30
044,1927,29
044,1928,29
044,1929,29
044,1930,32
044,1931,31
044,1932,31
044,1933,29
044,1934,31
044,1935,29
044,1936,31
044,1937,29
044,1938,30
044,1939,29
044,1940,29
044,1941,29
044,1942,31
044,1943,31
044,1944,30
044,1945,29
044,1946,28
044,1947,30
044,1948,30
044,1949,30
044,1950,28
044,1951,30
044,1952,32
044,1953,31
044,1954,31
044,1955,31
044,1956,29
044,1957,31
044,1958,30
044,1959,30
044,1960,29
044,1961,29
044,1962,28
044,1963,29
044,1964,29
044,1965,29
044,1966,31
044,1967,28
044,1968,30
044,1969,29
044,1970,29
044,1971,28
044,1972,28
044,1973,29
044,1974,29
044,1975,30
044,1976,29
044,1977,32
044,1978,29
044,1979,28
044,1980,31
044,1981,29
044,1982,29
044,1983,31
044,1984,29
044,1985,29
044,1986,31
044,1987,32
044,1988,31
044,1989,29
044,1990,30
044,1991,31
044,1992,29
044,1993,32
044,1994,30
044,1995,31
044,1996,28
044,1997,30
044,1998,30
044,1999,31
044,2000,28
044,2001,29
044,2002,31
044,2003,29
044,2004,29
044,2005,30
044,2006,31
044,2007,32
044,2008,30
044,2009,29
044,2010,32
044,2011,32
044,2012,32
044,2013,29
044,2014,29
044,2015,29
044,2016,31
044,2017,31
044,2018,29
044,2019,31
044,2020,32
044,2021,30
044,2022,30
044,2023,31
045,1895,24
045,1896,27
045,1897,27
045,1898,26
045,1899,26
045,1900,25
045,1901,27
045,1902,24
045,1903,23
045,1904,26
045,1905,26
045,1906,29
045,1907,26
045,1908,27
045,1909,24
045,1910,26
045,1911,27
045,1912,24
045,1913,26
045,1914,27
045,1915,28
045,1916,25
045,1917,27
045,1918,25
045,1919,26
045,1920,27
045,1921,25
045,1922,27
045,1923,26
045,1924,26
045,1925,27
045,1926,27
045,1927,26
045,1928,26
045,1929,27
045,1930,27
045,1931,27
045,1932,24
045,1933,26
045,1934,26
045,1935,24
045,1936,26
045,1937,26
045,1938,27
045,1939,27
045,1940,26
045,1941,28
045,1942,27
045,1943,26
045,1944,26
045,1945,27
045,1946,26
045,1947,24
045,1948,23
045,1949,24
045,1950,26
045,1951,26
045,1952,26
045,1953,25
045,1954,23
045,1955,25
045,1956,26
045,1957,23
045,1958,28
045,1959,27
045,1960,28
045,1961,28
045,1962,24
045,1963,24
045,1964,24
045,1965,26
045,1966,25
045,1967,29
045,1968,27
045,1969,24
045,1970,26
045,1971,28
045,1972,26
045,1973,26
045,1974,26
045,1975,26
045,1976,24
045,1977,27
045,1978,25
045,1979,26
045,1980,24
045,1981,28
045,1982,24
045,1983,25
045,1984,26
045,1985,29
045,1986,28
045,1987,25
045,1988,25
045,1989,24
045,1990,27
045,1991,26
045,1992,26
045,1993,23
045,1994,27
045,1995,25
045,1996,27
045,1997,26
045,1998,27
045,1999,26
045,2000,25
045,2001,26
045,2002,26
045,2003,28
045,2004,27
045,2005,27
045,2006,27
045,2007,27
045,2008,26
045,2009,27
045,2010,25
045,2011,26
045,2012,27
045,2013,27
045,2014,28
045,2015,28
045,2016,26
045,2017,28
045,2018,28
045,2019,26
045,2020,26
045,2021,28
045,2022,29
045,2023,27
046,1895,29
046,1896,28
046,1897,29
046,1898,29
046,1899,29
046,1900,31
046,1901,31
046,1902,30
046,1903,29
046,1904,28
046,1905,28
046,1906,28
046,1907,28
046,1908,29
046,1909,27
046,1910,28
046,1911,29
046,1912,28
046,1913,29
046,1914,29
046,1915,27
046,1916,29
046,1917,28
046,1918,29
046,1919,29
046,1920,27
046,1921,29
046,1922,28
046,1923,28
046,1924,27
046,1925,29
046,1926,28
046,1927,28
046,1928,28
046,1929,28
046,1930,31
046,1931,31
046,1932,29
046,1933,28
046,1934,31
046,1935,29
046,1936,30
046,1937,28
046,1938,29
046,1939,28
046,1940,28
046,1941,29
046,1942,29
046,1943,29
046,1944,29
046,1945,28
046,1946,28
046,1947,29
046,1948,28
046,1949,29
046,1950,27
046,1951,29
046,1952,30
046,1953,30
046,1954,29
046,1955,30
046,1956,27
046,1957,29
046,1958,28
046,1959,29
046,1960,28
046,1961,27
046,1962,28
046,1963,27
046,1964,28
046,1965,28
046,1966,29
046,1967,27
046,1968,28
046,1969,28
046,1970,28
046,1971,27
046,1972,27
046,1973,28
046,1974,28
046,1975,28
046,1976,27
046,1977,29
046,1978,28
046,1979,26
046,1980,29
046,1981,27
046,1982,28
046,1983,29
046,1984,28
046,1985,27
046,1986,29
046,1987,29
046,1988,30
046,1989,28
046,1990,28
046,1991,29
046,1992,28
046,1993,30
046,1994,28
046,1995,30
046,1996,27
046,1997,28
046,1998,28
046,1999,31
046,2000,27
046,2001,28
046,2002,29
046,2003,28
046,2004,27
046,2005,29
046,2006,29
046,2007,30
046,2008,28
046,2009,27
046,2010,29
046,2011,30
046,2012,30
046,2013,28
046,2014,27
046,2015,28
046,2016,29
046,2017,28
046,2018,28
046,2019,29
046,2020,31
046,2021,29
046,2022,28
046,2023,29
047,1895,27
047,1896,27
047,1897,28
047,1898,28
047,1899,27
047,1900,29
047,1901,30
047,1902,27
047,1903,26
047,1904,25
047,1905,26
047,1906,26
047,1907,26
047,1908,27
047,1909,27
047,1910,29
047,1911,27
047,1912,26
047,1913,26
047,1914,28
047,1915,24
047,1916,31
047,1917,27
047,1918,27
047,1919,28
047,1920,26
047,1921,31
047,1922,27
047,1923,28
047,1924,25
047,1925,27
047,1926,27
047,1927,26
047,1928,26
047,1929,27
047,1930,28
047,1931,29
047,1932,28
047,1933,29
047,1934,28
047,1935,29
047,1936,32
047,1937,29
047,1938,27
047,1939,28
047,1940,28
047,1941,28
047,1942,26
047,1943,28
047,1944,27
047,1945,26
047,1946,27
047,1947,29
047,1948,28
047,1949,28
047,1950,25
047,1951,26
047,1952,27
047,1953,27
047,1954,27
047,1955,29
047,1956,26
047,1957,27
047,1958,26
047,1959,27
047,1960,26
047,1961,27
047,1962,26
047,1963,28
047,1964,28
047,1965,26
047,1966,28
047,1967,25
047,1968,26
047,1969,28
047,1970,28
047,1971,26
047,1972,25
047,1973,27
047,1974,28
047,1975,27
047,1976,28
047,1977,28
047,1978,26
047,1979,27
047,1980,28
047,1981,26
047,1982,27
047,1983,29
047,1984,27
047,1985,27
047,1986,27
047,1987,28
047,1988,30
047,1989,28
047,1990,26
047,1991,26
047,1992,23
047,1993,26
047,1994,26
047,1995,27
047,1996,26
047,1997,26
047,1998,27
047,1999,28
047,2000,26
047,2001,28
047,2002,29
047,2003,28
047,2004,25
047,2005,28
047,2006,29
047,2007,27
047,2008,27
047,2009,24
047,2010,27
047,2011,29
047,2012,31
047,2013,26
047,2014,25
047,2015,26
047,2016,27
047,2017,27
047,2018,27
047,2019,28
047,2020,28
047,2021,27
047,2022,27
047,2023,27
048,1895,25
048,1896,26
048,1897,26
048,1898,28
048,1899,27
048,1900,26
048,1901,29
048,1902,25
048,1903,26
048,1904,25
048,1905,26
048,1906,25
048,1907,25
048,1908,26
048,1909,27
048,1910,28
048,1911,25
048,1912,24
048,1913,27
048,1914,27
048,1915,24
048,1916,27
048,1917,28
048,1918,25
048,1919,29
048,1920,27
048,1921,27
048,1922,27
048,1923,27
048,1924,26
048,1925,27
048,1926,26
048,1927,26
048,1928,26
048,1929,27
048,1930,28
048,1931,29
048,1932,27
048,1933,29
048,1934,29
048,1935,29
048,1936,29
048,1937,28
048,1938,26
048,1939,29
048,1940,29
048,1941,27
048,1942,28
048,1943,28
048,1944,26
048,1945,27
048,1946,28
048,1947,28
048,1948,27
048,1949,27
048,1950,25
048,1951,26
048,1952,26
048,1953,28
048,1954,29
048,1955,28
048,1956,27
048,1957,27
048,1958,27
048,1959,27
048,1960,28
048,1961,27
048,1962,26
048,1963,28
048,1964,29
048,1965,26
048,1966,29
048,1967,27
048,1968,27
048,1969,28
048,1970,28
048,1971,28
048,1972,25
048,1973,27
048,1974,28
048,1975,27
048,1976,28
048,1977,27
048,1978,27
048,1979,27
048,1980,28
048,1981,27
048,1982,27
048,1983,28
048,1984,27
048,1985,28
048,1986,26
048,1987,26
048,1988,29
048,1989,29
048,1990,26
048,1991,27
048,1992,25
048,1993,24
048,1994,28
048,1995,28
048,1996,28
048,1997,26
048,1998,28
048,1999,27
048,2000,29
048,2001,29
048,2002,30
048,2003,31
048,2004,26
048,2005,29
048,2006,30
048,2007,30
048,2008,28
048,2009,26
048,2010,27
048,2011,28
048,2012,29
048,2013,28
048,2014,27
048,2015,27
048,2016,28
048,2017,29
048,2018,28
048,2019,27
048,2020,29
048,2021,29
048,2022,29
048,2023,27
050,1925,16
050,1926,17
050,1927,17
050,1928,16
050,1929,16
050,1930,16
050,1931,16
050,1932,16
050,1933,16
050,1934,15
050,1935,16
050,1936,18
050,1937,17
050,1938,16
050,1939,16
050,1940,17
050,1941,16
050,1942,16
050,1943,16
050,1944,16
050,1945,16
050,1946,17
050,1947,17
050,1948,14
050,1949,15
050,1950,17
050,1951,16
050,1952,15
050,1953,17
050,1954,15
050,1955,16
050,1956,16
050,1957,17
050,1958,16
050,1959,16
050,1960,16
050,1961,14
050,1962,17
050,1963,15
050,1964,16
050,1965,14
050,1966,16
050,1967,15
050,1968,18
050,1969,16
050,1970,14
050,1971,16
050,1972,18
050,1973,15
050,1974,16
050,1975,16
050,1976,16
050,1977,18
050,1978,16
050,1979,16
050,1980,16
050,1981,14
050,1982,16
050,1983,16
050,1984,15
050,1985,17
050,1986,16
050,1987,16
050,1988,17
050,1989,17
050,1990,18
050,1991,16
050,1992,17
050,1993,18
050,1994,17
050,1995,16
050,1996,16
050,1997,18
050,1998,17
050,1999,16
050,2000,16
050,2001,16
050,2002,17
050,2003,16
050,2004,19
050,2005,17
050,2006,16
050,2007,17
050,2008,14
050,2009,18
050,2010,15
050,2011,15
050,2012,15
050,2013,18
050,2014,16
050,2015,17
050,2016,17
050,2017,18
050,2018,18
050,2019,19
050,2020,16
050,2021,16
050,2022,17
050,2023,18
