,state,year,condition,jan,feb,mar,apr,may,jun,jul,aug,sep,oct,nov,dec
636,arizona,1978,min ,0.0,1.0,4.0,5.0,8.0,15.0,18.0,17.0,14.0,10.0,3.0,-3.0
637,arizona,1978,max ,12.0,13.0,18.0,21.0,27.0,34.0,36.0,33.0,29.0,26.0,16.0,9.0
638,arizona,1978,mean ,6.0,7.0,11.0,13.0,18.0,24.0,27.0,25.0,22.0,18.0,9.0,3.0
651,arizona,1983,min ,-1.0,1.0,3.0,3.0,8.0,13.0,18.0,18.0,16.0,9.0,2.0,1.0
652,arizona,1983,max ,13.0,13.0,15.0,18.0,27.0,32.0,34.0,32.0,31.0,23.0,16.0,13.0
653,arizona,1983,mean ,6.0,7.0,9.0,11.0,18.0,22.0,26.0,25.0,23.0,16.0,9.0,7.0
666,arizona,1988,min ,-2.0,1.0,1.0,6.0,9.0,16.0,19.0,18.0,13.0,11.0,2.0,-2.0
667,arizona,1988,max ,11.0,16.0,18.0,22.0,27.0,33.0,35.0,32.0,29.0,27.0,17.0,12.0
668,arizona,1988,mean ,4.0,8.0,10.0,14.0,18.0,24.0,27.0,25.0,21.0,19.0,10.0,5.0
681,arizona,1993,min ,1.0,1.0,3.0,6.0,11.0,14.0,17.0,18.0,13.0,8.0,1.0,-2.0
682,arizona,1993,max ,11.0,12.0,18.0,23.0,28.0,33.0,34.0,32.0,31.0,23.0,16.0,13.0
683,arizona,1993,mean ,6.0,7.0,11.0,14.0,19.0,23.0,26.0,25.0,22.0,16.0,8.0,5.0
696,arizona,1998,min ,-1.0,-1.0,2.0,3.0,8.0,13.0,19.0,19.0,15.0,7.0,2.0,-2.0
697,arizona,1998,max ,13.0,11.0,17.0,19.0,26.0,31.0,35.0,34.0,31.0,24.0,18.0,13.0
698,arizona,1998,mean ,6.0,6.0,9.0,11.0,17.0,22.0,27.0,27.0,23.0,16.0,10.0,6.0
711,arizona,2003,min ,1.0,1.0,3.0,4.0,11.0,15.0,20.0,19.0,15.0,11.0,2.0,-2.0
712,arizona,2003,max ,17.0,13.0,18.0,21.0,29.0,34.0,37.0,34.0,32.0,28.0,16.0,13.0
713,arizona,2003,mean ,9.0,7.0,10.0,13.0,20.0,24.0,28.0,27.0,23.0,19.0,9.0,6.0
726,arizona,2008,min ,-2.0,0.0,2.0,5.0,8.0,16.0,19.0,19.0,15.0,8.0,4.0,-1.0
727,arizona,2008,max ,11.0,14.0,19.0,23.0,26.0,34.0,34.0,33.0,31.0,26.0,19.0,12.0
728,arizona,2008,mean ,4.0,7.0,11.0,14.0,17.0,25.0,27.0,26.0,23.0,17.0,12.0,6.0
741,arizona,2013,min ,-4.0,-2.0,4.0,7.0,11.0,17.0,20.0,18.0,15.0,6.0,3.0,-2.0
742,arizona,2013,max ,11.0,13.0,21.0,23.0,28.0,36.0,34.0,33.0,29.0,23.0,18.0,12.0
743,arizona,2013,mean ,3.0,6.0,12.0,15.0,19.0,26.0,27.0,26.0,22.0,14.0,11.0,5.0
756,arizona,2018,min ,1.0,1.0,3.0,8.0,11.0,16.0,20.0,19.0,16.0,9.0,2.0,-1.0
757,arizona,2018,max ,16.0,16.0,19.0,26.0,29.0,35.0,36.0,34.0,32.0,22.0,17.0,12.0
758,arizona,2018,mean ,8.0,8.0,11.0,17.0,20.0,26.0,28.0,27.0,24.0,15.0,9.0,6.0
771,arizona,2023,min ,-2.0,-2.0,2.0,6.0,10.0,13.0,21.0,19.0,14.0,9.0,,
772,arizona,2023,max ,11.0,12.0,15.0,23.0,28.0,32.0,38.0,34.0,31.0,27.0,,
773,arizona,2023,mean ,4.0,5.0,8.0,14.0,19.0,22.0,29.0,27.0,23.0,18.0,,
1410,california,1978,min ,3.0,3.0,6.0,5.0,8.0,12.0,15.0,15.0,12.0,9.0,2.0,-2.0
1411,california,1978,max ,11.0,13.0,17.0,16.0,24.0,28.0,32.0,31.0,27.0,26.0,14.0,9.0
1412,california,1978,mean ,7.0,8.0,11.0,11.0,16.0,21.0,23.0,23.0,19.0,17.0,8.0,4.0
1425,california,1983,min ,2.0,3.0,4.0,4.0,8.0,12.0,14.0,16.0,14.0,9.0,4.0,3.0
1426,california,1983,max ,12.0,13.0,13.0,16.0,23.0,27.0,30.0,30.0,29.0,23.0,14.0,11.0
1427,california,1983,mean ,7.0,8.0,9.0,9.0,16.0,19.0,22.0,23.0,22.0,16.0,9.0,7.0
1440,california,1988,min ,1.0,2.0,3.0,6.0,8.0,12.0,17.0,15.0,12.0,10.0,4.0,0.0
1441,california,1988,max ,11.0,16.0,18.0,19.0,23.0,28.0,33.0,32.0,29.0,26.0,15.0,11.0
1442,california,1988,mean ,6.0,9.0,11.0,13.0,16.0,20.0,25.0,23.0,21.0,18.0,9.0,6.0
1455,california,1993,min ,1.0,2.0,6.0,6.0,9.0,12.0,14.0,14.0,12.0,9.0,2.0,0.0
1456,california,1993,max ,9.0,11.0,17.0,19.0,24.0,27.0,30.0,31.0,29.0,23.0,16.0,12.0
1457,california,1993,mean ,5.0,7.0,11.0,13.0,17.0,20.0,22.0,23.0,21.0,16.0,9.0,6.0
1470,california,1998,min ,2.0,2.0,3.0,4.0,7.0,11.0,16.0,16.0,13.0,7.0,3.0,-1.0
1471,california,1998,max ,12.0,11.0,15.0,17.0,18.0,26.0,32.0,33.0,28.0,21.0,14.0,11.0
1472,california,1998,mean ,7.0,6.0,9.0,11.0,12.0,18.0,24.0,25.0,21.0,14.0,9.0,6.0
1485,california,2003,min ,4.0,2.0,4.0,4.0,9.0,13.0,17.0,16.0,14.0,10.0,2.0,2.0
1486,california,2003,max ,16.0,13.0,17.0,16.0,24.0,30.0,34.0,32.0,31.0,27.0,13.0,11.0
1487,california,2003,mean ,10.0,7.0,11.0,10.0,17.0,22.0,26.0,24.0,22.0,18.0,8.0,7.0
1500,california,2008,min ,0.0,1.0,3.0,4.0,9.0,13.0,16.0,16.0,13.0,8.0,6.0,0.0
1501,california,2008,max ,9.0,13.0,17.0,20.0,24.0,30.0,33.0,33.0,31.0,24.0,18.0,11.0
1502,california,2008,mean ,5.0,7.0,10.0,12.0,16.0,22.0,24.0,24.0,22.0,16.0,12.0,6.0
1515,california,2013,min ,-1.0,1.0,5.0,7.0,10.0,14.0,17.0,15.0,13.0,7.0,4.0,0.0
1516,california,2013,max ,12.0,14.0,19.0,22.0,25.0,31.0,33.0,32.0,28.0,22.0,17.0,13.0
1517,california,2013,mean ,6.0,7.0,12.0,14.0,17.0,22.0,26.0,23.0,21.0,14.0,11.0,7.0
1530,california,2018,min ,4.0,1.0,3.0,7.0,10.0,13.0,18.0,16.0,13.0,9.0,4.0,2.0
1531,california,2018,max ,14.0,15.0,15.0,21.0,24.0,30.0,34.0,33.0,30.0,23.0,18.0,12.0
1532,california,2018,mean ,9.0,8.0,9.0,14.0,17.0,22.0,26.0,24.0,22.0,16.0,11.0,7.0
1545,california,2023,min ,1.0,-1.0,1.0,6.0,9.0,12.0,17.0,16.0,13.0,9.0,,
1546,california,2023,max ,11.0,12.0,12.0,20.0,23.0,27.0,34.0,32.0,27.0,24.0,,
1547,california,2023,mean ,6.0,6.0,7.0,13.0,17.0,19.0,26.0,24.0,20.0,17.0,,
1797,colorado,1978,min ,-11.0,-10.0,-4.0,-1.0,3.0,8.0,11.0,9.0,6.0,0.0,-6.0,-14.0
1798,colorado,1978,max ,1.0,2.0,10.0,14.0,17.0,25.0,29.0,26.0,23.0,17.0,7.0,-1.0
1799,colorado,1978,mean ,-5.0,-4.0,3.0,7.0,9.0,17.0,20.0,18.0,14.0,9.0,1.0,-8.0
1812,colorado,1983,min ,-9.0,-8.0,-5.0,-4.0,2.0,7.0,12.0,12.0,7.0,1.0,-6.0,-13.0
1813,colorado,1983,max ,4.0,6.0,7.0,9.0,16.0,22.0,28.0,28.0,24.0,17.0,7.0,-2.0
1814,colorado,1983,mean ,-3.0,-1.0,1.0,3.0,9.0,14.0,19.0,20.0,16.0,9.0,1.0,-8.0
1827,colorado,1988,min ,-14.0,-10.0,-8.0,-2.0,3.0,10.0,11.0,11.0,5.0,1.0,-6.0,-11.0
1828,colorado,1988,max ,-1.0,4.0,8.0,14.0,19.0,26.0,28.0,27.0,22.0,18.0,8.0,3.0
1829,colorado,1988,mean ,-7.0,-3.0,0.0,6.0,11.0,18.0,19.0,19.0,13.0,9.0,1.0,-4.0
1842,colorado,1993,min ,-11.0,-10.0,-5.0,-2.0,4.0,7.0,10.0,10.0,4.0,-1.0,-9.0,-10.0
1843,colorado,1993,max ,1.0,2.0,9.0,13.0,19.0,24.0,27.0,25.0,21.0,14.0,5.0,4.0
1844,colorado,1993,mean ,-5.0,-4.0,2.0,6.0,11.0,16.0,19.0,17.0,13.0,7.0,-2.0,-3.0
1857,colorado,1998,min ,-9.0,-8.0,-7.0,-3.0,4.0,7.0,13.0,11.0,8.0,1.0,-4.0,-11.0
1858,colorado,1998,max ,4.0,4.0,8.0,12.0,21.0,23.0,28.0,27.0,25.0,15.0,9.0,4.0
1859,colorado,1998,mean ,-2.0,-2.0,1.0,5.0,12.0,15.0,21.0,19.0,17.0,8.0,3.0,-3.0
1872,colorado,2003,min ,-8.0,-10.0,-5.0,-1.0,4.0,7.0,13.0,12.0,5.0,2.0,-6.0,-9.0
1873,colorado,2003,max ,7.0,3.0,9.0,15.0,20.0,23.0,32.0,28.0,22.0,19.0,7.0,5.0
1874,colorado,2003,mean ,-1.0,-3.0,2.0,7.0,12.0,16.0,22.0,20.0,13.0,11.0,1.0,-2.0
1887,colorado,2008,min ,-13.0,-9.0,-7.0,-4.0,2.0,7.0,12.0,11.0,6.0,0.0,-4.0,-11.0
1888,colorado,2008,max ,1.0,4.0,8.0,13.0,18.0,25.0,29.0,26.0,22.0,17.0,11.0,3.0
1889,colorado,2008,mean ,-7.0,-3.0,1.0,4.0,11.0,16.0,21.0,18.0,14.0,8.0,3.0,-4.0
1902,colorado,2013,min ,-13.0,-11.0,-6.0,-3.0,3.0,9.0,12.0,11.0,8.0,-1.0,-6.0,-12.0
1903,colorado,2013,max ,2.0,3.0,9.0,12.0,19.0,28.0,28.0,27.0,23.0,14.0,8.0,2.0
1904,colorado,2013,mean ,-6.0,-4.0,2.0,4.0,11.0,18.0,20.0,19.0,16.0,7.0,2.0,-5.0
1917,colorado,2018,min ,-9.0,-9.0,-5.0,-2.0,6.0,10.0,12.0,11.0,8.0,1.0,-7.0,-10.0
1918,colorado,2018,max ,6.0,5.0,11.0,14.0,22.0,28.0,29.0,27.0,25.0,14.0,7.0,4.0
1919,colorado,2018,mean ,-2.0,-2.0,3.0,7.0,14.0,19.0,21.0,19.0,16.0,7.0,0.0,-3.0
1932,colorado,2023,min ,-11.0,-11.0,-8.0,-3.0,5.0,8.0,12.0,12.0,7.0,1.0,,
1933,colorado,2023,max ,1.0,3.0,6.0,13.0,19.0,23.0,29.0,28.0,24.0,17.0,,
1934,colorado,2023,mean ,-4.0,-4.0,-1.0,5.0,12.0,16.0,21.0,19.0,16.0,9.0,,
2958,florida,1978,min ,5.0,4.0,10.0,13.0,18.0,21.0,22.0,22.0,21.0,16.0,14.0,11.0
2959,florida,1978,max ,17.0,17.0,23.0,28.0,31.0,32.0,32.0,32.0,32.0,28.0,26.0,23.0
2960,florida,1978,mean ,11.0,11.0,16.0,21.0,24.0,27.0,27.0,27.0,26.0,22.0,20.0,17.0
2973,florida,1983,min ,7.0,8.0,10.0,12.0,17.0,21.0,22.0,22.0,20.0,17.0,11.0,9.0
2974,florida,1983,max ,18.0,19.0,22.0,25.0,29.0,31.0,33.0,33.0,31.0,28.0,23.0,20.0
2975,florida,1983,mean ,13.0,14.0,16.0,19.0,23.0,26.0,28.0,28.0,25.0,23.0,17.0,14.0
2988,florida,1988,min ,7.0,7.0,11.0,14.0,16.0,20.0,22.0,22.0,22.0,14.0,14.0,8.0
2989,florida,1988,max ,18.0,21.0,23.0,27.0,29.0,32.0,32.0,32.0,31.0,28.0,26.0,22.0
2990,florida,1988,mean ,12.0,14.0,17.0,21.0,23.0,26.0,27.0,27.0,27.0,21.0,19.0,15.0
3003,florida,1993,min ,12.0,8.0,11.0,12.0,17.0,21.0,22.0,22.0,21.0,17.0,13.0,7.0
3004,florida,1993,max ,22.0,21.0,23.0,26.0,29.0,33.0,33.0,33.0,32.0,28.0,24.0,20.0
3005,florida,1993,mean ,17.0,14.0,17.0,18.0,23.0,27.0,28.0,28.0,26.0,23.0,18.0,13.0
3018,florida,1998,min ,10.0,9.0,11.0,14.0,18.0,22.0,23.0,23.0,22.0,18.0,15.0,12.0
3019,florida,1998,max ,21.0,21.0,23.0,27.0,32.0,35.0,34.0,33.0,31.0,29.0,26.0,24.0
3020,florida,1998,mean ,16.0,16.0,17.0,21.0,25.0,29.0,28.0,28.0,27.0,24.0,21.0,18.0
3033,florida,2003,min ,4.0,9.0,16.0,14.0,19.0,22.0,22.0,22.0,21.0,17.0,14.0,6.0
3034,florida,2003,max ,18.0,23.0,26.0,27.0,31.0,31.0,32.0,32.0,31.0,28.0,26.0,20.0
3035,florida,2003,mean ,11.0,16.0,21.0,21.0,26.0,27.0,27.0,27.0,26.0,23.0,20.0,13.0
3048,florida,2008,min ,8.0,10.0,11.0,14.0,18.0,21.0,22.0,23.0,21.0,16.0,9.0,10.0
3049,florida,2008,max ,21.0,24.0,24.0,27.0,31.0,33.0,32.0,32.0,31.0,27.0,23.0,23.0
3050,florida,2008,mean ,14.0,17.0,18.0,21.0,24.0,27.0,27.0,27.0,26.0,22.0,16.0,17.0
3063,florida,2013,min ,12.0,10.0,8.0,16.0,17.0,22.0,22.0,23.0,22.0,18.0,14.0,12.0
3064,florida,2013,max ,23.0,23.0,22.0,28.0,29.0,32.0,31.0,32.0,31.0,28.0,24.0,23.0
3065,florida,2013,mean ,18.0,16.0,15.0,22.0,23.0,27.0,27.0,28.0,27.0,23.0,19.0,18.0
3078,florida,2018,min ,7.0,15.0,10.0,14.0,19.0,22.0,23.0,23.0,23.0,19.0,13.0,11.0
3079,florida,2018,max ,18.0,26.0,24.0,28.0,29.0,32.0,33.0,33.0,33.0,30.0,25.0,22.0
3080,florida,2018,mean ,13.0,21.0,17.0,21.0,24.0,27.0,28.0,28.0,28.0,24.0,19.0,16.0
3093,florida,2023,min ,9.0,13.0,14.0,17.0,18.0,21.0,23.0,24.0,22.0,17.0,,
3094,florida,2023,max ,23.0,26.0,27.0,29.0,31.0,32.0,34.0,34.0,32.0,28.0,,
3095,florida,2023,mean ,16.0,19.0,21.0,23.0,24.0,27.0,29.0,29.0,27.0,23.0,,
4893,iowa,1978,min ,-18.0,-17.0,-7.0,3.0,9.0,14.0,17.0,15.0,13.0,3.0,-4.0,-12.0
4894,iowa,1978,max ,-8.0,-6.0,4.0,14.0,21.0,27.0,28.0,28.0,26.0,17.0,7.0,-3.0
4895,iowa,1978,mean ,-13.0,-12.0,-1.0,9.0,15.0,21.0,22.0,22.0,19.0,9.0,2.0,-7.0
4908,iowa,1983,min ,-9.0,-6.0,-2.0,1.0,7.0,14.0,18.0,18.0,11.0,4.0,-1.0,-18.0
4909,iowa,1983,max ,-1.0,2.0,6.0,11.0,19.0,27.0,31.0,32.0,24.0,16.0,7.0,-9.0
4910,iowa,1983,mean ,-5.0,-2.0,2.0,6.0,13.0,21.0,25.0,26.0,18.0,11.0,3.0,-14.0
4923,iowa,1988,min ,-15.0,-13.0,-4.0,1.0,11.0,15.0,17.0,17.0,11.0,1.0,-3.0,-9.0
4924,iowa,1988,max ,-4.0,-2.0,10.0,17.0,26.0,31.0,31.0,31.0,25.0,14.0,8.0,2.0
4925,iowa,1988,mean ,-9.0,-8.0,3.0,9.0,18.0,23.0,24.0,24.0,18.0,8.0,3.0,-4.0
4938,iowa,1993,min ,-13.0,-11.0,-5.0,1.0,9.0,13.0,17.0,17.0,8.0,3.0,-4.0,-8.0
4939,iowa,1993,max ,-3.0,-4.0,3.0,13.0,21.0,25.0,27.0,27.0,19.0,16.0,6.0,1.0
4940,iowa,1993,mean ,-8.0,-8.0,-1.0,7.0,15.0,19.0,22.0,22.0,14.0,9.0,1.0,-4.0
4953,iowa,1998,min ,-9.0,-2.0,-4.0,4.0,12.0,14.0,17.0,17.0,13.0,6.0,-1.0,-7.0
4954,iowa,1998,max ,-1.0,5.0,4.0,15.0,24.0,24.0,28.0,28.0,27.0,17.0,9.0,4.0
4955,iowa,1998,mean ,-5.0,1.0,0.0,9.0,18.0,19.0,23.0,22.0,20.0,12.0,4.0,-2.0
4968,iowa,2003,min ,-13.0,-13.0,-4.0,3.0,8.0,13.0,17.0,16.0,9.0,3.0,-3.0,-7.0
4969,iowa,2003,max ,-2.0,-1.0,8.0,17.0,21.0,26.0,29.0,30.0,23.0,18.0,7.0,2.0
4970,iowa,2003,mean ,-7.0,-7.0,2.0,10.0,14.0,19.0,23.0,23.0,16.0,11.0,2.0,-2.0
4983,iowa,2008,min ,-14.0,-13.0,-5.0,2.0,7.0,14.0,17.0,14.0,11.0,4.0,-2.0,-14.0
4984,iowa,2008,max ,-4.0,-4.0,5.0,13.0,21.0,27.0,28.0,27.0,23.0,17.0,8.0,-3.0
4985,iowa,2008,mean ,-9.0,-8.0,0.0,8.0,14.0,21.0,23.0,21.0,17.0,10.0,3.0,-8.0
4998,iowa,2013,min ,-11.0,-9.0,-7.0,1.0,9.0,15.0,16.0,16.0,12.0,4.0,-5.0,-13.0
4999,iowa,2013,max ,-1.0,0.0,3.0,12.0,21.0,26.0,28.0,28.0,26.0,16.0,6.0,-3.0
5000,iowa,2013,mean ,-6.0,-4.0,-2.0,6.0,15.0,20.0,22.0,22.0,19.0,10.0,1.0,-8.0
5013,iowa,2018,min ,-13.0,-12.0,-3.0,-2.0,13.0,17.0,17.0,16.0,13.0,3.0,-6.0,-7.0
5014,iowa,2018,max ,-3.0,-2.0,6.0,10.0,26.0,28.0,28.0,28.0,24.0,14.0,3.0,2.0
5015,iowa,2018,mean ,-8.0,-7.0,2.0,4.0,19.0,23.0,23.0,22.0,18.0,9.0,-1.0,-2.0
5028,iowa,2023,min ,-8.0,-9.0,-4.0,2.0,9.0,14.0,16.0,16.0,12.0,6.0,,
5029,iowa,2023,max ,-1.0,2.0,6.0,17.0,24.0,28.0,28.0,28.0,26.0,18.0,,
5030,iowa,2023,mean ,-4.0,-3.0,1.0,9.0,17.0,22.0,22.0,22.0,19.0,12.0,,
5280,kansas,1978,min ,-13.0,-11.0,-2.0,6.0,10.0,16.0,19.0,17.0,14.0,4.0,-1.0,-8.0
5281,kansas,1978,max ,-2.0,-1.0,12.0,20.0,23.0,30.0,35.0,33.0,30.0,22.0,11.0,5.0
5282,kansas,1978,mean ,-7.0,-6.0,5.0,13.0,16.0,23.0,27.0,25.0,22.0,13.0,5.0,-2.0
5295,kansas,1983,min ,-6.0,-4.0,0.0,2.0,8.0,14.0,19.0,21.0,13.0,8.0,1.0,-14.0
5296,kansas,1983,max ,4.0,7.0,11.0,14.0,22.0,28.0,35.0,37.0,29.0,20.0,12.0,-4.0
5297,kansas,1983,mean ,-1.0,2.0,5.0,8.0,15.0,21.0,27.0,28.0,22.0,14.0,6.0,-9.0
5310,kansas,1988,min ,-10.0,-8.0,-2.0,3.0,12.0,17.0,18.0,18.0,13.0,4.0,-1.0,-6.0
5311,kansas,1988,max ,2.0,7.0,14.0,19.0,26.0,33.0,32.0,33.0,28.0,19.0,14.0,10.0
5312,kansas,1988,mean ,-4.0,0.0,6.0,11.0,19.0,25.0,26.0,26.0,20.0,12.0,7.0,2.0
5325,kansas,1993,min ,-9.0,-7.0,-1.0,3.0,11.0,15.0,19.0,18.0,10.0,5.0,-4.0,-4.0
5326,kansas,1993,max ,1.0,3.0,11.0,16.0,23.0,28.0,31.0,31.0,24.0,19.0,10.0,8.0
5327,kansas,1993,mean ,-4.0,-2.0,5.0,10.0,17.0,22.0,25.0,24.0,17.0,12.0,3.0,2.0
5340,kansas,1998,min ,-5.0,-1.0,-2.0,4.0,12.0,15.0,20.0,18.0,16.0,8.0,2.0,-6.0
5341,kansas,1998,max ,6.0,9.0,9.0,18.0,27.0,31.0,32.0,32.0,31.0,21.0,14.0,8.0
5342,kansas,1998,mean ,0.0,4.0,3.0,11.0,19.0,23.0,26.0,25.0,23.0,14.0,8.0,1.0
5355,kansas,2003,min ,-7.0,-7.0,-1.0,6.0,10.0,14.0,19.0,19.0,11.0,6.0,-1.0,-4.0
5356,kansas,2003,max ,7.0,6.0,13.0,21.0,24.0,28.0,36.0,34.0,26.0,22.0,12.0,8.0
5357,kansas,2003,mean ,-1.0,-1.0,7.0,13.0,17.0,21.0,27.0,27.0,18.0,14.0,6.0,2.0
5370,kansas,2008,min ,-8.0,-7.0,-2.0,3.0,9.0,16.0,19.0,18.0,12.0,6.0,0.0,-8.0
5371,kansas,2008,max ,6.0,6.0,13.0,17.0,24.0,30.0,33.0,30.0,26.0,19.0,13.0,6.0
5372,kansas,2008,mean ,-1.0,0.0,6.0,10.0,17.0,23.0,26.0,24.0,19.0,13.0,7.0,-2.0
5385,kansas,2013,min ,-7.0,-6.0,-3.0,2.0,10.0,16.0,18.0,18.0,14.0,6.0,-2.0,-9.0
5386,kansas,2013,max ,7.0,7.0,11.0,16.0,24.0,31.0,32.0,31.0,29.0,20.0,12.0,5.0
5387,kansas,2013,mean ,0.0,1.0,4.0,9.0,17.0,24.0,25.0,24.0,22.0,13.0,5.0,-2.0
5400,kansas,2018,min ,-9.0,-7.0,-1.0,1.0,14.0,18.0,19.0,18.0,15.0,6.0,-3.0,-5.0
5401,kansas,2018,max ,6.0,7.0,16.0,17.0,29.0,33.0,33.0,31.0,27.0,18.0,9.0,7.0
5402,kansas,2018,mean ,-2.0,-1.0,7.0,8.0,22.0,26.0,26.0,24.0,21.0,12.0,3.0,1.0
5415,kansas,2023,min ,-6.0,-6.0,-2.0,3.0,12.0,16.0,19.0,18.0,14.0,7.0,,
5416,kansas,2023,max ,6.0,9.0,12.0,21.0,26.0,29.0,32.0,33.0,31.0,22.0,,
5417,kansas,2023,mean ,1.0,2.0,6.0,12.0,18.0,23.0,26.0,26.0,22.0,14.0,,
5667,kentucky,1978,min ,-10.0,-11.0,-1.0,7.0,11.0,16.0,18.0,18.0,15.0,4.0,3.0,-3.0
5668,kentucky,1978,max ,-1.0,0.0,11.0,21.0,23.0,29.0,31.0,29.0,28.0,19.0,15.0,8.0
5669,kentucky,1978,mean ,-6.0,-5.0,5.0,13.0,17.0,22.0,24.0,23.0,22.0,12.0,9.0,3.0
5682,kentucky,1983,min ,-4.0,-2.0,2.0,4.0,9.0,15.0,19.0,19.0,13.0,8.0,2.0,-7.0
5683,kentucky,1983,max ,5.0,8.0,13.0,16.0,22.0,28.0,32.0,33.0,28.0,21.0,14.0,3.0
5684,kentucky,1983,mean ,1.0,3.0,8.0,10.0,16.0,22.0,26.0,26.0,21.0,14.0,8.0,-2.0
5697,kentucky,1988,min ,-6.0,-5.0,1.0,5.0,9.0,13.0,18.0,18.0,13.0,3.0,1.0,-3.0
5698,kentucky,1988,max ,4.0,7.0,14.0,20.0,25.0,31.0,32.0,32.0,26.0,17.0,14.0,8.0
5699,kentucky,1988,mean ,-1.0,1.0,7.0,12.0,17.0,22.0,25.0,25.0,19.0,10.0,8.0,3.0
5712,kentucky,1993,min ,-2.0,-5.0,0.0,5.0,11.0,16.0,20.0,18.0,13.0,6.0,1.0,-2.0
5713,kentucky,1993,max ,8.0,7.0,11.0,18.0,24.0,28.0,32.0,31.0,25.0,19.0,12.0,6.0
5714,kentucky,1993,mean ,3.0,1.0,6.0,12.0,18.0,22.0,26.0,24.0,19.0,12.0,7.0,2.0
5727,kentucky,1998,min ,1.0,1.0,3.0,6.0,13.0,17.0,19.0,17.0,14.0,8.0,2.0,-1.0
5728,kentucky,1998,max ,9.0,10.0,13.0,18.0,26.0,28.0,29.0,31.0,31.0,22.0,16.0,10.0
5729,kentucky,1998,mean ,4.0,6.0,8.0,12.0,19.0,23.0,24.0,24.0,23.0,15.0,9.0,4.0
5742,kentucky,2003,min ,-7.0,-3.0,2.0,7.0,12.0,14.0,18.0,18.0,13.0,7.0,4.0,-2.0
5743,kentucky,2003,max ,2.0,5.0,16.0,21.0,23.0,26.0,29.0,30.0,25.0,21.0,16.0,7.0
5744,kentucky,2003,mean ,-2.0,1.0,9.0,14.0,18.0,20.0,24.0,24.0,19.0,13.0,10.0,3.0
5757,kentucky,2008,min ,-5.0,-2.0,1.0,6.0,9.0,17.0,17.0,16.0,14.0,6.0,0.0,-3.0
5758,kentucky,2008,max ,6.0,8.0,13.0,19.0,23.0,30.0,30.0,30.0,28.0,21.0,12.0,8.0
5759,kentucky,2008,mean ,1.0,3.0,7.0,13.0,16.0,23.0,24.0,23.0,22.0,13.0,6.0,2.0
5772,kentucky,2013,min ,-3.0,-3.0,-1.0,6.0,12.0,17.0,18.0,17.0,14.0,8.0,-1.0,-2.0
5773,kentucky,2013,max ,7.0,8.0,9.0,19.0,24.0,28.0,28.0,28.0,27.0,20.0,12.0,8.0
5774,kentucky,2013,mean ,2.0,2.0,4.0,13.0,18.0,22.0,23.0,23.0,21.0,14.0,6.0,3.0
5787,kentucky,2018,min ,-7.0,1.0,1.0,3.0,16.0,18.0,19.0,19.0,17.0,9.0,0.0,0.0
5788,kentucky,2018,max ,4.0,12.0,12.0,17.0,28.0,30.0,31.0,29.0,28.0,21.0,11.0,9.0
5789,kentucky,2018,mean ,-1.0,7.0,7.0,10.0,22.0,24.0,24.0,24.0,23.0,14.0,5.0,4.0
5802,kentucky,2023,min ,1.0,1.0,2.0,6.0,11.0,14.0,19.0,18.0,14.0,8.0,,
5803,kentucky,2023,max ,11.0,13.0,14.0,21.0,24.0,27.0,30.0,29.0,27.0,21.0,,
5804,kentucky,2023,mean ,6.0,7.0,8.0,13.0,18.0,21.0,24.0,23.0,21.0,15.0,,
6054,louisiana,1978,min ,-1.0,0.0,6.0,13.0,17.0,21.0,22.0,21.0,20.0,11.0,11.0,4.0
6055,louisiana,1978,max ,8.0,11.0,19.0,26.0,29.0,32.0,34.0,33.0,31.0,27.0,23.0,17.0
6056,louisiana,1978,mean ,4.0,6.0,13.0,19.0,23.0,27.0,28.0,27.0,26.0,19.0,17.0,10.0
6069,louisiana,1983,min ,3.0,5.0,6.0,10.0,16.0,19.0,22.0,22.0,17.0,13.0,8.0,1.0
6070,louisiana,1983,max ,13.0,16.0,19.0,22.0,28.0,30.0,33.0,33.0,30.0,26.0,21.0,12.0
6071,louisiana,1983,mean ,8.0,10.0,13.0,16.0,22.0,25.0,28.0,28.0,24.0,19.0,14.0,7.0
6084,louisiana,1988,min ,1.0,4.0,8.0,12.0,14.0,19.0,22.0,22.0,19.0,12.0,9.0,4.0
6085,louisiana,1988,max ,12.0,16.0,21.0,26.0,29.0,32.0,32.0,33.0,31.0,24.0,22.0,17.0
6086,louisiana,1988,mean ,7.0,10.0,14.0,19.0,22.0,26.0,27.0,27.0,25.0,18.0,16.0,11.0
6099,louisiana,1993,min ,6.0,4.0,7.0,11.0,16.0,21.0,23.0,23.0,19.0,13.0,6.0,4.0
6100,louisiana,1993,max ,15.0,17.0,19.0,22.0,27.0,31.0,33.0,34.0,32.0,25.0,18.0,16.0
6101,louisiana,1993,mean ,10.0,11.0,13.0,16.0,22.0,26.0,28.0,28.0,25.0,19.0,12.0,10.0
6114,louisiana,1998,min ,7.0,6.0,8.0,12.0,19.0,23.0,23.0,23.0,22.0,15.0,11.0,7.0
6115,louisiana,1998,max ,17.0,17.0,20.0,24.0,31.0,34.0,35.0,34.0,32.0,27.0,21.0,17.0
6116,louisiana,1998,mean ,12.0,12.0,14.0,18.0,24.0,28.0,29.0,28.0,27.0,21.0,16.0,12.0
6129,louisiana,2003,min ,1.0,5.0,9.0,13.0,19.0,21.0,22.0,22.0,18.0,13.0,10.0,3.0
6130,louisiana,2003,max ,13.0,15.0,21.0,26.0,30.0,31.0,32.0,33.0,30.0,26.0,23.0,16.0
6131,louisiana,2003,mean ,7.0,10.0,14.0,19.0,24.0,26.0,27.0,28.0,24.0,19.0,16.0,9.0
6144,louisiana,2008,min ,3.0,6.0,9.0,13.0,17.0,22.0,22.0,22.0,19.0,12.0,7.0,5.0
6145,louisiana,2008,max ,14.0,19.0,22.0,25.0,28.0,33.0,34.0,32.0,29.0,26.0,21.0,17.0
6146,louisiana,2008,mean ,9.0,13.0,16.0,19.0,23.0,27.0,28.0,27.0,24.0,18.0,13.0,11.0
6159,louisiana,2013,min ,6.0,7.0,6.0,12.0,16.0,22.0,22.0,22.0,20.0,14.0,7.0,4.0
6160,louisiana,2013,max ,16.0,18.0,19.0,24.0,27.0,32.0,32.0,33.0,32.0,26.0,18.0,15.0
6161,louisiana,2013,mean ,11.0,12.0,13.0,18.0,22.0,27.0,27.0,28.0,26.0,20.0,13.0,9.0
6174,louisiana,2018,min ,1.0,11.0,11.0,10.0,19.0,22.0,23.0,22.0,22.0,16.0,7.0,6.0
6175,louisiana,2018,max ,13.0,21.0,23.0,23.0,31.0,33.0,34.0,33.0,31.0,27.0,18.0,16.0
6176,louisiana,2018,mean ,7.0,16.0,17.0,17.0,25.0,28.0,28.0,28.0,27.0,21.0,12.0,11.0
6189,louisiana,2023,min ,8.0,9.0,12.0,13.0,18.0,22.0,23.0,24.0,21.0,14.0,,
6190,louisiana,2023,max ,18.0,20.0,23.0,24.0,29.0,33.0,35.0,37.0,33.0,27.0,,
6191,louisiana,2023,mean ,13.0,14.0,17.0,19.0,23.0,28.0,29.0,31.0,27.0,21.0,,
6828,maryland,1978,min ,-7.0,-9.0,-2.0,4.0,10.0,15.0,17.0,19.0,13.0,5.0,3.0,-3.0
6829,maryland,1978,max ,2.0,1.0,9.0,17.0,21.0,27.0,28.0,29.0,26.0,19.0,13.0,9.0
6830,maryland,1978,mean ,-3.0,-4.0,4.0,11.0,16.0,21.0,23.0,24.0,19.0,12.0,8.0,3.0
6843,maryland,1983,min ,-3.0,-4.0,2.0,4.0,9.0,15.0,18.0,18.0,13.0,8.0,2.0,-4.0
6844,maryland,1983,max ,5.0,6.0,12.0,15.0,22.0,27.0,31.0,31.0,27.0,19.0,13.0,4.0
6845,maryland,1983,mean ,1.0,1.0,7.0,10.0,16.0,21.0,24.0,24.0,19.0,13.0,8.0,0.0
6858,maryland,1988,min ,-8.0,-4.0,0.0,4.0,11.0,14.0,19.0,19.0,12.0,4.0,2.0,-4.0
6859,maryland,1988,max ,3.0,7.0,13.0,16.0,23.0,28.0,32.0,31.0,24.0,16.0,13.0,7.0
6860,maryland,1988,mean ,-3.0,1.0,6.0,11.0,17.0,22.0,26.0,25.0,18.0,10.0,8.0,2.0
6873,maryland,1993,min ,-2.0,-6.0,-1.0,4.0,11.0,15.0,19.0,18.0,14.0,6.0,2.0,-3.0
6874,maryland,1993,max ,7.0,4.0,8.0,17.0,24.0,28.0,32.0,30.0,25.0,18.0,13.0,6.0
6875,maryland,1993,mean ,2.0,-1.0,4.0,11.0,18.0,22.0,26.0,24.0,19.0,12.0,7.0,1.0
6888,maryland,1998,min ,0.0,0.0,2.0,6.0,13.0,16.0,18.0,18.0,15.0,8.0,2.0,0.0
6889,maryland,1998,max ,9.0,9.0,12.0,19.0,24.0,27.0,30.0,30.0,28.0,19.0,14.0,11.0
6890,maryland,1998,mean ,4.0,4.0,7.0,13.0,18.0,21.0,24.0,24.0,22.0,14.0,8.0,5.0
6903,maryland,2003,min ,-6.0,-5.0,1.0,5.0,11.0,16.0,19.0,19.0,14.0,6.0,4.0,-2.0
6904,maryland,2003,max ,2.0,3.0,13.0,17.0,20.0,26.0,29.0,29.0,24.0,18.0,16.0,7.0
6905,maryland,2003,mean ,-2.0,-1.0,7.0,11.0,15.0,21.0,24.0,24.0,19.0,12.0,10.0,2.0
6918,maryland,2008,min ,-3.0,-3.0,1.0,7.0,9.0,17.0,18.0,16.0,14.0,6.0,2.0,-2.0
6919,maryland,2008,max ,7.0,8.0,13.0,19.0,22.0,29.0,30.0,28.0,26.0,19.0,11.0,8.0
6920,maryland,2008,mean ,2.0,3.0,7.0,13.0,16.0,23.0,24.0,22.0,20.0,13.0,7.0,3.0
6933,maryland,2013,min ,-3.0,-3.0,-1.0,6.0,11.0,17.0,21.0,17.0,12.0,9.0,1.0,-2.0
6934,maryland,2013,max ,7.0,6.0,9.0,18.0,23.0,28.0,30.0,27.0,25.0,20.0,12.0,8.0
6935,maryland,2013,mean ,2.0,1.0,4.0,12.0,17.0,22.0,25.0,22.0,19.0,14.0,6.0,3.0
6948,maryland,2018,min ,-6.0,0.0,-1.0,4.0,14.0,17.0,19.0,20.0,18.0,9.0,2.0,-1.0
6949,maryland,2018,max ,4.0,10.0,9.0,16.0,26.0,27.0,30.0,30.0,26.0,20.0,11.0,8.0
6950,maryland,2018,mean ,-1.0,5.0,4.0,10.0,20.0,22.0,24.0,25.0,22.0,15.0,6.0,4.0
6963,maryland,2023,min ,1.0,0.0,1.0,7.0,9.0,14.0,20.0,18.0,15.0,9.0,,
6964,maryland,2023,max ,10.0,12.0,13.0,21.0,22.0,27.0,31.0,29.0,26.0,21.0,,
6965,maryland,2023,mean ,6.0,6.0,7.0,14.0,16.0,21.0,26.0,24.0,21.0,15.0,,
7215,massachusetts,1978,min ,-10.0,-13.0,-7.0,0.0,7.0,11.0,14.0,15.0,7.0,2.0,-2.0,-7.0
7216,massachusetts,1978,max ,-1.0,-1.0,5.0,12.0,19.0,24.0,27.0,26.0,21.0,15.0,9.0,3.0
7217,massachusetts,1978,mean ,-6.0,-7.0,-1.0,6.0,13.0,18.0,20.0,20.0,14.0,9.0,4.0,-2.0
7230,massachusetts,1983,min ,-8.0,-8.0,-2.0,2.0,7.0,12.0,15.0,14.0,10.0,4.0,0.0,-8.0
7231,massachusetts,1983,max ,1.0,3.0,7.0,13.0,18.0,26.0,28.0,27.0,24.0,16.0,10.0,2.0
7232,massachusetts,1983,mean ,-3.0,-2.0,3.0,7.0,12.0,19.0,22.0,21.0,17.0,10.0,5.0,-3.0
7245,massachusetts,1988,min ,-12.0,-9.0,-4.0,2.0,7.0,11.0,16.0,16.0,8.0,2.0,-1.0,-8.0
7246,massachusetts,1988,max ,0.0,3.0,8.0,12.0,19.0,24.0,28.0,28.0,22.0,13.0,11.0,3.0
7247,massachusetts,1988,mean ,-6.0,-3.0,2.0,7.0,13.0,18.0,22.0,22.0,15.0,8.0,5.0,-3.0
7260,massachusetts,1993,min ,-7.0,-12.0,-6.0,2.0,7.0,12.0,14.0,14.0,11.0,3.0,-2.0,-6.0
7261,massachusetts,1993,max ,2.0,-1.0,5.0,13.0,21.0,24.0,28.0,27.0,21.0,14.0,10.0,3.0
7262,massachusetts,1993,mean ,-3.0,-7.0,-1.0,7.0,14.0,18.0,21.0,21.0,16.0,8.0,4.0,-2.0
7275,massachusetts,1998,min ,-5.0,-4.0,-2.0,2.0,9.0,13.0,15.0,15.0,11.0,5.0,-1.0,-3.0
7276,massachusetts,1998,max ,3.0,6.0,8.0,14.0,22.0,23.0,27.0,27.0,23.0,16.0,9.0,7.0
7277,massachusetts,1998,mean ,-1.0,1.0,3.0,8.0,15.0,18.0,21.0,21.0,17.0,11.0,4.0,2.0
7290,massachusetts,2003,min ,-12.0,-11.0,-6.0,0.0,7.0,12.0,16.0,17.0,11.0,3.0,1.0,-6.0
7291,massachusetts,2003,max ,-3.0,-1.0,8.0,12.0,18.0,23.0,27.0,27.0,22.0,15.0,11.0,4.0
7292,massachusetts,2003,mean ,-7.0,-6.0,1.0,6.0,12.0,18.0,22.0,22.0,17.0,9.0,6.0,-1.0
7305,massachusetts,2008,min ,-8.0,-7.0,-4.0,2.0,6.0,13.0,17.0,13.0,11.0,3.0,-1.0,-6.0
7306,massachusetts,2008,max ,3.0,3.0,7.0,16.0,18.0,25.0,28.0,25.0,22.0,16.0,9.0,4.0
7307,massachusetts,2008,mean ,-2.0,-2.0,1.0,8.0,12.0,19.0,22.0,19.0,17.0,9.0,4.0,-1.0
7320,massachusetts,2013,min ,-8.0,-7.0,-3.0,1.0,7.0,13.0,18.0,14.0,9.0,4.0,-2.0,-6.0
7321,massachusetts,2013,max ,2.0,2.0,6.0,14.0,21.0,25.0,29.0,26.0,22.0,17.0,9.0,3.0
7322,massachusetts,2013,mean ,-3.0,-2.0,1.0,8.0,14.0,19.0,24.0,20.0,16.0,11.0,3.0,-2.0
7335,massachusetts,2018,min ,-9.0,-4.0,-3.0,0.0,9.0,12.0,17.0,18.0,13.0,5.0,-1.0,-5.0
7336,massachusetts,2018,max ,1.0,6.0,6.0,11.0,22.0,24.0,29.0,28.0,23.0,15.0,7.0,4.0
7337,massachusetts,2018,mean ,-4.0,1.0,1.0,6.0,16.0,18.0,23.0,23.0,18.0,10.0,3.0,0.0
7350,massachusetts,2023,min ,-2.0,-6.0,-2.0,3.0,6.0,12.0,18.0,15.0,13.0,8.0,,
7351,massachusetts,2023,max ,6.0,6.0,8.0,16.0,21.0,23.0,28.0,26.0,23.0,18.0,,
7352,massachusetts,2023,mean ,2.0,0.0,3.0,9.0,13.0,18.0,23.0,20.0,18.0,13.0,,
7602,michigan,1978,min ,-14.0,-17.0,-10.0,-2.0,6.0,9.0,12.0,13.0,9.0,2.0,-3.0,-10.0
7603,michigan,1978,max ,-6.0,-5.0,2.0,10.0,20.0,24.0,26.0,26.0,22.0,13.0,7.0,-2.0
7604,michigan,1978,mean ,-9.0,-11.0,-4.0,4.0,13.0,17.0,19.0,19.0,16.0,8.0,2.0,-6.0
7617,michigan,1983,min ,-9.0,-7.0,-4.0,-1.0,3.0,11.0,16.0,14.0,9.0,3.0,-2.0,-13.0
7618,michigan,1983,max ,-2.0,1.0,5.0,9.0,16.0,24.0,29.0,27.0,22.0,14.0,7.0,-6.0
7619,michigan,1983,mean ,-6.0,-3.0,0.0,4.0,9.0,17.0,22.0,21.0,16.0,8.0,2.0,-9.0
7632,michigan,1988,min ,-13.0,-14.0,-7.0,-1.0,6.0,10.0,14.0,14.0,8.0,1.0,-1.0,-9.0
7633,michigan,1988,max ,-3.0,-3.0,4.0,12.0,22.0,27.0,29.0,27.0,21.0,11.0,6.0,-1.0
7634,michigan,1988,mean ,-8.0,-8.0,-2.0,6.0,14.0,18.0,22.0,21.0,14.0,6.0,3.0,-5.0
7647,michigan,1993,min ,-11.0,-13.0,-7.0,-1.0,6.0,10.0,14.0,14.0,7.0,1.0,-3.0,-8.0
7648,michigan,1993,max ,-2.0,-3.0,3.0,10.0,18.0,22.0,26.0,26.0,17.0,12.0,5.0,-1.0
7649,michigan,1993,mean ,-6.0,-8.0,-2.0,4.0,12.0,16.0,21.0,20.0,12.0,7.0,1.0,-4.0
7662,michigan,1998,min ,-8.0,-4.0,-4.0,1.0,8.0,11.0,13.0,14.0,10.0,4.0,0.0,-6.0
7663,michigan,1998,max ,-1.0,4.0,5.0,14.0,23.0,24.0,27.0,27.0,24.0,16.0,8.0,3.0
7664,michigan,1998,mean ,-4.0,0.0,0.0,7.0,16.0,17.0,20.0,21.0,17.0,10.0,4.0,-2.0
7677,michigan,2003,min ,-13.0,-14.0,-8.0,-2.0,5.0,9.0,13.0,14.0,9.0,2.0,-1.0,-6.0
7678,michigan,2003,max ,-4.0,-4.0,4.0,12.0,18.0,23.0,26.0,27.0,21.0,13.0,7.0,2.0
7679,michigan,2003,mean ,-9.0,-9.0,-2.0,5.0,11.0,17.0,19.0,20.0,15.0,8.0,3.0,-2.0
7692,michigan,2008,min ,-9.0,-13.0,-8.0,1.0,3.0,12.0,14.0,12.0,9.0,2.0,-2.0,-11.0
7693,michigan,2008,max ,-1.0,-3.0,2.0,14.0,17.0,24.0,26.0,26.0,22.0,13.0,6.0,-2.0
7694,michigan,2008,mean ,-6.0,-8.0,-3.0,7.0,11.0,18.0,20.0,19.0,16.0,8.0,2.0,-7.0
7707,michigan,2013,min ,-9.0,-11.0,-7.0,-1.0,6.0,11.0,14.0,13.0,8.0,4.0,-3.0,-11.0
7708,michigan,2013,max ,-1.0,-2.0,2.0,9.0,21.0,24.0,26.0,26.0,22.0,14.0,5.0,-3.0
7709,michigan,2013,mean ,-5.0,-7.0,-3.0,4.0,13.0,17.0,20.0,19.0,15.0,9.0,1.0,-7.0
7722,michigan,2018,min ,-11.0,-10.0,-7.0,-4.0,8.0,12.0,14.0,15.0,11.0,3.0,-4.0,-6.0
7723,michigan,2018,max ,-3.0,-1.0,3.0,7.0,23.0,24.0,28.0,27.0,22.0,12.0,2.0,1.0
7724,michigan,2018,mean ,-7.0,-5.0,-2.0,2.0,16.0,18.0,21.0,21.0,17.0,7.0,-1.0,-2.0
7737,michigan,2023,min ,-5.0,-8.0,-6.0,1.0,5.0,11.0,14.0,12.0,11.0,6.0,,
7738,michigan,2023,max ,0.0,2.0,4.0,13.0,20.0,25.0,26.0,24.0,22.0,14.0,,
7739,michigan,2023,mean ,-2.0,-3.0,-1.0,7.0,13.0,18.0,20.0,18.0,17.0,10.0,,
8763,missouri,1978,min ,-12.0,-11.0,-3.0,7.0,11.0,16.0,19.0,17.0,15.0,4.0,2.0,-6.0
8764,missouri,1978,max ,-2.0,-1.0,9.0,19.0,23.0,29.0,32.0,31.0,29.0,21.0,13.0,6.0
8765,missouri,1978,mean ,-7.0,-6.0,3.0,13.0,17.0,23.0,26.0,24.0,22.0,12.0,7.0,0.0
8778,missouri,1983,min ,-4.0,-3.0,1.0,3.0,9.0,16.0,19.0,20.0,13.0,8.0,3.0,-12.0
8779,missouri,1983,max ,4.0,8.0,12.0,14.0,22.0,28.0,33.0,35.0,28.0,20.0,13.0,-3.0
8780,missouri,1983,mean ,-1.0,3.0,6.0,9.0,16.0,22.0,26.0,27.0,21.0,14.0,8.0,-8.0
8793,missouri,1988,min ,-8.0,-8.0,-1.0,4.0,11.0,16.0,19.0,19.0,13.0,4.0,1.0,-5.0
8794,missouri,1988,max ,3.0,5.0,13.0,20.0,26.0,32.0,31.0,32.0,27.0,17.0,14.0,8.0
8795,missouri,1988,mean ,-3.0,-1.0,7.0,12.0,19.0,24.0,25.0,26.0,20.0,11.0,7.0,2.0
8808,missouri,1993,min ,-6.0,-6.0,-1.0,5.0,11.0,16.0,20.0,19.0,11.0,6.0,-1.0,-3.0
8809,missouri,1993,max ,3.0,4.0,10.0,16.0,23.0,28.0,31.0,31.0,23.0,18.0,9.0,7.0
8810,missouri,1993,mean ,-2.0,-1.0,4.0,11.0,17.0,22.0,26.0,25.0,17.0,12.0,4.0,2.0
8823,missouri,1998,min ,-3.0,1.0,0.0,6.0,14.0,17.0,20.0,19.0,17.0,8.0,3.0,-3.0
8824,missouri,1998,max ,6.0,9.0,9.0,18.0,27.0,29.0,31.0,31.0,29.0,21.0,14.0,8.0
8825,missouri,1998,mean ,2.0,5.0,5.0,12.0,21.0,23.0,26.0,24.0,23.0,14.0,9.0,2.0
8838,missouri,2003,min ,-8.0,-6.0,0.0,7.0,11.0,14.0,19.0,19.0,12.0,7.0,2.0,-3.0
8839,missouri,2003,max ,3.0,4.0,13.0,20.0,23.0,27.0,32.0,32.0,24.0,21.0,13.0,7.0
8840,missouri,2003,mean ,-3.0,-1.0,7.0,13.0,17.0,21.0,26.0,26.0,18.0,14.0,8.0,2.0
8853,missouri,2008,min ,-7.0,-6.0,-1.0,5.0,11.0,17.0,19.0,17.0,13.0,6.0,1.0,-7.0
8854,missouri,2008,max ,5.0,4.0,12.0,17.0,23.0,28.0,30.0,29.0,25.0,19.0,12.0,5.0
8855,missouri,2008,mean ,-1.0,-1.0,6.0,11.0,17.0,23.0,24.0,23.0,19.0,13.0,6.0,-1.0
8868,missouri,2013,min ,-5.0,-4.0,-2.0,4.0,11.0,17.0,18.0,18.0,14.0,7.0,-1.0,-7.0
8869,missouri,2013,max ,7.0,7.0,8.0,17.0,23.0,28.0,29.0,29.0,28.0,19.0,11.0,4.0
8870,missouri,2013,mean ,1.0,1.0,3.0,11.0,17.0,23.0,24.0,23.0,21.0,13.0,5.0,-1.0
8883,missouri,2018,min ,-8.0,-4.0,1.0,2.0,16.0,19.0,19.0,18.0,16.0,7.0,-2.0,-2.0
8884,missouri,2018,max ,3.0,8.0,12.0,16.0,29.0,31.0,32.0,31.0,27.0,19.0,8.0,7.0
8885,missouri,2018,mean ,-2.0,2.0,7.0,9.0,22.0,25.0,26.0,24.0,22.0,13.0,3.0,2.0
8898,missouri,2023,min ,-2.0,-2.0,1.0,6.0,12.0,16.0,19.0,19.0,14.0,8.0,,
8899,missouri,2023,max ,8.0,11.0,12.0,21.0,26.0,30.0,32.0,30.0,28.0,21.0,,
8900,missouri,2023,mean ,3.0,4.0,6.0,13.0,19.0,23.0,25.0,24.0,21.0,14.0,,
9924,nevada,1978,min ,-4.0,-3.0,1.0,1.0,3.0,8.0,12.0,11.0,7.0,3.0,-4.0,-9.0
9925,nevada,1978,max ,6.0,7.0,13.0,13.0,19.0,26.0,31.0,30.0,23.0,21.0,8.0,3.0
9926,nevada,1978,mean ,1.0,2.0,7.0,7.0,11.0,17.0,22.0,21.0,14.0,12.0,2.0,-3.0
9939,nevada,1983,min ,-4.0,-3.0,-1.0,-1.0,4.0,9.0,11.0,13.0,9.0,4.0,-2.0,-4.0
9940,nevada,1983,max ,6.0,7.0,9.0,11.0,19.0,25.0,29.0,28.0,26.0,18.0,9.0,5.0
9941,nevada,1983,mean ,1.0,2.0,4.0,5.0,12.0,17.0,20.0,21.0,17.0,11.0,4.0,1.0
9954,nevada,1988,min ,-8.0,-5.0,-3.0,2.0,4.0,11.0,14.0,13.0,7.0,5.0,-2.0,-8.0
9955,nevada,1988,max ,3.0,9.0,12.0,16.0,21.0,27.0,33.0,31.0,25.0,23.0,9.0,4.0
9956,nevada,1988,mean ,-3.0,2.0,4.0,9.0,12.0,19.0,24.0,22.0,16.0,14.0,4.0,-2.0
9969,nevada,1993,min ,-8.0,-6.0,1.0,1.0,7.0,8.0,11.0,11.0,7.0,3.0,-6.0,-7.0
9970,nevada,1993,max ,2.0,4.0,12.0,15.0,22.0,24.0,28.0,29.0,26.0,18.0,9.0,6.0
9971,nevada,1993,mean ,-3.0,-1.0,7.0,8.0,14.0,16.0,19.0,20.0,17.0,11.0,2.0,-1.0
9984,nevada,1998,min ,-4.0,-4.0,-2.0,-1.0,3.0,7.0,14.0,13.0,9.0,1.0,-2.0,-8.0
9985,nevada,1998,max ,7.0,5.0,11.0,13.0,17.0,23.0,32.0,32.0,24.0,16.0,10.0,6.0
9986,nevada,1998,mean ,2.0,1.0,4.0,6.0,10.0,15.0,23.0,23.0,17.0,8.0,4.0,-1.0
9999,nevada,2003,min ,-2.0,-6.0,-1.0,0.0,6.0,11.0,16.0,14.0,9.0,4.0,-4.0,-5.0
10000,nevada,2003,max ,11.0,7.0,13.0,13.0,22.0,29.0,34.0,31.0,27.0,23.0,8.0,6.0
10001,nevada,2003,mean ,4.0,1.0,6.0,7.0,14.0,19.0,25.0,22.0,18.0,14.0,2.0,1.0
10014,nevada,2008,min ,-8.0,-5.0,-3.0,-1.0,4.0,9.0,14.0,13.0,8.0,2.0,0.0,-8.0
10015,nevada,2008,max ,3.0,7.0,12.0,16.0,20.0,28.0,33.0,32.0,27.0,19.0,13.0,5.0
10016,nevada,2008,mean ,-3.0,1.0,4.0,7.0,12.0,18.0,23.0,23.0,17.0,11.0,7.0,-1.0
10029,nevada,2013,min ,-10.0,-6.0,-1.0,1.0,5.0,11.0,16.0,13.0,9.0,1.0,-2.0,-9.0
10030,nevada,2013,max ,3.0,7.0,14.0,17.0,22.0,29.0,33.0,31.0,24.0,17.0,12.0,4.0
10031,nevada,2013,mean ,-3.0,1.0,7.0,9.0,13.0,20.0,24.0,22.0,17.0,9.0,5.0,-2.0
10044,nevada,2018,min ,-3.0,-6.0,-3.0,2.0,7.0,11.0,16.0,14.0,9.0,3.0,-3.0,-6.0
10045,nevada,2018,max ,9.0,8.0,11.0,18.0,22.0,29.0,33.0,32.0,28.0,17.0,11.0,5.0
10046,nevada,2018,mean ,3.0,1.0,4.0,10.0,14.0,19.0,25.0,23.0,18.0,10.0,4.0,0.0
10059,nevada,2023,min ,-7.0,-7.0,-5.0,0.0,6.0,9.0,15.0,13.0,8.0,3.0,,
10060,nevada,2023,max ,3.0,6.0,6.0,16.0,22.0,24.0,34.0,29.0,24.0,19.0,,
10061,nevada,2023,mean ,-2.0,-1.0,1.0,8.0,14.0,16.0,24.0,22.0,16.0,11.0,,
11085,new mexico,1978,min ,-6.0,-5.0,-1.0,2.0,6.0,12.0,15.0,13.0,10.0,4.0,1.0,-7.0
11086,new mexico,1978,max ,8.0,9.0,16.0,21.0,24.0,30.0,32.0,29.0,25.0,22.0,12.0,7.0
11087,new mexico,1978,mean ,1.0,2.0,7.0,12.0,15.0,21.0,23.0,21.0,17.0,13.0,6.0,-1.0
11100,new mexico,1983,min ,-6.0,-4.0,-1.0,-1.0,4.0,9.0,14.0,14.0,12.0,5.0,-1.0,-7.0
11101,new mexico,1983,max ,8.0,10.0,13.0,16.0,23.0,28.0,31.0,30.0,28.0,20.0,13.0,8.0
11102,new mexico,1983,mean ,1.0,3.0,6.0,7.0,14.0,19.0,23.0,22.0,19.0,13.0,6.0,1.0
11115,new mexico,1988,min ,-8.0,-4.0,-4.0,1.0,6.0,12.0,14.0,14.0,8.0,4.0,-2.0,-7.0
11116,new mexico,1988,max ,7.0,12.0,16.0,19.0,24.0,29.0,30.0,28.0,25.0,23.0,15.0,8.0
11117,new mexico,1988,mean ,-1.0,4.0,6.0,11.0,15.0,21.0,22.0,21.0,17.0,13.0,6.0,1.0
11130,new mexico,1993,min ,-4.0,-4.0,-2.0,2.0,7.0,11.0,14.0,14.0,8.0,3.0,-4.0,-7.0
11131,new mexico,1993,max ,8.0,10.0,16.0,20.0,24.0,30.0,31.0,28.0,26.0,20.0,12.0,10.0
11132,new mexico,1993,mean ,2.0,3.0,7.0,11.0,16.0,21.0,23.0,21.0,17.0,11.0,4.0,2.0
11145,new mexico,1998,min ,-5.0,-4.0,-2.0,0.0,6.0,11.0,16.0,14.0,12.0,5.0,-1.0,-6.0
11146,new mexico,1998,max ,11.0,9.0,14.0,18.0,26.0,31.0,31.0,29.0,29.0,21.0,16.0,11.0
11147,new mexico,1998,mean ,3.0,3.0,6.0,9.0,16.0,21.0,23.0,22.0,20.0,13.0,7.0,2.0
11160,new mexico,2003,min ,-4.0,-4.0,-2.0,2.0,8.0,11.0,16.0,15.0,10.0,6.0,-1.0,-6.0
11161,new mexico,2003,max ,13.0,11.0,16.0,21.0,27.0,29.0,34.0,31.0,27.0,23.0,14.0,11.0
11162,new mexico,2003,mean ,4.0,3.0,7.0,11.0,17.0,21.0,24.0,23.0,19.0,14.0,7.0,2.0
11175,new mexico,2008,min ,-8.0,-4.0,-2.0,1.0,6.0,12.0,15.0,14.0,9.0,3.0,-2.0,-5.0
11176,new mexico,2008,max ,8.0,12.0,16.0,21.0,25.0,32.0,29.0,29.0,26.0,22.0,16.0,10.0
11177,new mexico,2008,mean ,0.0,4.0,7.0,11.0,16.0,22.0,22.0,22.0,17.0,12.0,7.0,2.0
11190,new mexico,2013,min ,-8.0,-6.0,-2.0,2.0,7.0,13.0,16.0,14.0,12.0,2.0,-2.0,-6.0
11191,new mexico,2013,max ,8.0,11.0,17.0,21.0,26.0,33.0,30.0,30.0,26.0,20.0,13.0,9.0
11192,new mexico,2013,mean ,0.0,2.0,8.0,11.0,16.0,23.0,23.0,22.0,19.0,11.0,6.0,1.0
11205,new mexico,2018,min ,-7.0,-3.0,-1.0,3.0,8.0,14.0,16.0,14.0,11.0,6.0,-3.0,-5.0
11206,new mexico,2018,max ,12.0,13.0,17.0,22.0,28.0,33.0,32.0,31.0,27.0,18.0,13.0,9.0
11207,new mexico,2018,mean ,3.0,5.0,8.0,13.0,18.0,23.0,24.0,23.0,19.0,12.0,5.0,2.0
11220,new mexico,2023,min ,-6.0,-6.0,-1.0,1.0,8.0,12.0,17.0,16.0,12.0,5.0,,
11221,new mexico,2023,max ,9.0,11.0,14.0,21.0,26.0,30.0,34.0,32.0,29.0,23.0,,
11222,new mexico,2023,mean ,2.0,3.0,7.0,11.0,17.0,21.0,26.0,24.0,20.0,14.0,,
11472,new york,1978,min ,-13.0,-17.0,-9.0,-2.0,7.0,10.0,13.0,13.0,7.0,2.0,-3.0,-8.0
11473,new york,1978,max ,-4.0,-5.0,2.0,10.0,19.0,23.0,26.0,25.0,20.0,13.0,8.0,1.0
11474,new york,1978,mean ,-9.0,-11.0,-3.0,4.0,13.0,17.0,19.0,19.0,13.0,8.0,2.0,-4.0
11487,new york,1983,min ,-10.0,-9.0,-3.0,1.0,5.0,11.0,14.0,13.0,9.0,3.0,-2.0,-10.0
11488,new york,1983,max ,-1.0,1.0,6.0,10.0,17.0,25.0,28.0,26.0,23.0,14.0,7.0,-2.0
11489,new york,1983,mean ,-6.0,-4.0,1.0,5.0,11.0,18.0,21.0,19.0,16.0,9.0,3.0,-6.0
11502,new york,1988,min ,-13.0,-12.0,-7.0,1.0,7.0,9.0,15.0,14.0,8.0,2.0,-1.0,-9.0
11503,new york,1988,max ,-2.0,-1.0,6.0,11.0,20.0,23.0,28.0,26.0,20.0,11.0,8.0,1.0
11504,new york,1988,mean ,-7.0,-6.0,-1.0,6.0,13.0,16.0,22.0,21.0,14.0,6.0,4.0,-4.0
11517,new york,1993,min ,-9.0,-16.0,-8.0,1.0,6.0,11.0,14.0,13.0,9.0,2.0,-3.0,-9.0
11518,new york,1993,max ,0.0,-3.0,3.0,12.0,19.0,23.0,27.0,26.0,19.0,13.0,7.0,0.0
11519,new york,1993,mean ,-4.0,-10.0,-3.0,7.0,13.0,17.0,21.0,19.0,14.0,7.0,2.0,-4.0
11532,new york,1998,min ,-7.0,-6.0,-4.0,1.0,9.0,12.0,14.0,14.0,10.0,4.0,-1.0,-5.0
11533,new york,1998,max ,2.0,3.0,6.0,14.0,22.0,23.0,26.0,26.0,22.0,14.0,7.0,6.0
11534,new york,1998,mean ,-3.0,-1.0,1.0,8.0,16.0,17.0,19.0,20.0,16.0,9.0,3.0,0.0
11547,new york,2003,min ,-14.0,-13.0,-7.0,-1.0,6.0,11.0,14.0,15.0,10.0,2.0,-1.0,-7.0
11548,new york,2003,max ,-5.0,-3.0,6.0,11.0,18.0,22.0,26.0,26.0,21.0,13.0,9.0,2.0
11549,new york,2003,mean ,-10.0,-8.0,-1.0,5.0,12.0,17.0,20.0,21.0,16.0,8.0,4.0,-3.0
11562,new york,2008,min ,-8.0,-10.0,-7.0,2.0,4.0,13.0,14.0,12.0,10.0,2.0,-2.0,-8.0
11563,new york,2008,max ,1.0,0.0,4.0,16.0,17.0,25.0,26.0,24.0,22.0,14.0,6.0,2.0
11564,new york,2008,mean ,-4.0,-5.0,-2.0,9.0,11.0,19.0,21.0,18.0,16.0,8.0,2.0,-3.0
11577,new york,2013,min ,-9.0,-9.0,-6.0,0.0,7.0,12.0,16.0,13.0,8.0,4.0,-4.0,-8.0
11578,new york,2013,max ,1.0,-1.0,3.0,12.0,21.0,23.0,27.0,24.0,21.0,16.0,6.0,1.0
11579,new york,2013,mean ,-4.0,-5.0,-1.0,6.0,14.0,18.0,22.0,18.0,14.0,10.0,1.0,-4.0
11592,new york,2018,min ,-13.0,-7.0,-6.0,-2.0,8.0,11.0,15.0,16.0,12.0,4.0,-3.0,-6.0
11593,new york,2018,max ,-2.0,3.0,3.0,8.0,22.0,23.0,28.0,26.0,22.0,13.0,4.0,2.0
11594,new york,2018,mean ,-7.0,-2.0,-2.0,3.0,16.0,17.0,22.0,21.0,17.0,8.0,1.0,-2.0
11607,new york,2023,min ,-4.0,-8.0,-5.0,2.0,4.0,11.0,16.0,13.0,11.0,7.0,,
11608,new york,2023,max ,2.0,3.0,5.0,16.0,19.0,23.0,27.0,24.0,22.0,16.0,,
11609,new york,2023,mean ,-1.0,-2.0,0.0,9.0,12.0,17.0,21.0,18.0,16.0,12.0,,
11859,north carolina,1978,min ,-4.0,-5.0,2.0,8.0,12.0,16.0,18.0,19.0,16.0,7.0,6.0,-1.0
11860,north carolina,1978,max ,6.0,6.0,14.0,22.0,24.0,29.0,30.0,31.0,28.0,22.0,18.0,13.0
11861,north carolina,1978,mean ,1.0,1.0,8.0,14.0,18.0,23.0,24.0,25.0,22.0,14.0,12.0,6.0
11874,north carolina,1983,min ,-2.0,-1.0,4.0,6.0,11.0,16.0,19.0,19.0,14.0,9.0,3.0,-2.0
11875,north carolina,1983,max ,8.0,10.0,16.0,18.0,24.0,28.0,32.0,32.0,27.0,22.0,17.0,10.0
11876,north carolina,1983,mean ,3.0,4.0,10.0,12.0,18.0,22.0,25.0,26.0,21.0,16.0,9.0,4.0
11889,north carolina,1988,min ,-4.0,-2.0,2.0,7.0,11.0,14.0,19.0,20.0,15.0,5.0,3.0,-2.0
11890,north carolina,1988,max ,7.0,11.0,17.0,21.0,25.0,29.0,31.0,31.0,26.0,19.0,17.0,11.0
11891,north carolina,1988,mean ,1.0,5.0,9.0,14.0,18.0,22.0,24.0,26.0,20.0,12.0,10.0,4.0
11904,north carolina,1993,min ,1.0,-2.0,2.0,6.0,13.0,17.0,21.0,18.0,16.0,8.0,3.0,-2.0
11905,north carolina,1993,max ,11.0,10.0,14.0,20.0,26.0,30.0,33.0,30.0,28.0,21.0,16.0,10.0
11906,north carolina,1993,mean ,6.0,4.0,8.0,13.0,19.0,23.0,27.0,24.0,22.0,14.0,10.0,4.0
11919,north carolina,1998,min ,1.0,2.0,3.0,8.0,14.0,18.0,19.0,18.0,16.0,8.0,4.0,2.0
11920,north carolina,1998,max ,12.0,12.0,16.0,21.0,26.0,30.0,31.0,31.0,29.0,23.0,17.0,14.0
11921,north carolina,1998,mean ,7.0,7.0,9.0,14.0,20.0,24.0,26.0,24.0,23.0,16.0,11.0,8.0
11934,north carolina,2003,min ,-3.0,-1.0,5.0,8.0,13.0,17.0,19.0,20.0,15.0,8.0,6.0,-2.0
11935,north carolina,2003,max ,8.0,11.0,17.0,21.0,24.0,28.0,29.0,30.0,26.0,21.0,20.0,11.0
11936,north carolina,2003,mean ,2.0,5.0,11.0,14.0,18.0,22.0,24.0,25.0,21.0,14.0,13.0,4.0
11949,north carolina,2008,min ,-2.0,1.0,3.0,8.0,11.0,18.0,18.0,18.0,16.0,7.0,2.0,2.0
11950,north carolina,2008,max ,10.0,14.0,17.0,21.0,25.0,32.0,31.0,30.0,27.0,21.0,14.0,13.0
11951,north carolina,2008,mean ,4.0,8.0,11.0,14.0,18.0,25.0,24.0,24.0,21.0,14.0,8.0,8.0
11964,north carolina,2013,min ,1.0,-1.0,0.0,8.0,12.0,18.0,20.0,18.0,14.0,10.0,2.0,1.0
11965,north carolina,2013,max ,12.0,11.0,13.0,21.0,24.0,28.0,29.0,28.0,27.0,21.0,15.0,13.0
11966,north carolina,2013,mean ,7.0,5.0,7.0,14.0,18.0,23.0,25.0,23.0,21.0,16.0,8.0,7.0
11979,north carolina,2018,min ,-4.0,5.0,2.0,6.0,16.0,19.0,19.0,19.0,19.0,11.0,3.0,2.0
11980,north carolina,2018,max ,8.0,17.0,13.0,20.0,27.0,31.0,31.0,30.0,29.0,22.0,14.0,12.0
11981,north carolina,2018,mean ,2.0,11.0,8.0,13.0,22.0,24.0,25.0,25.0,24.0,17.0,9.0,7.0
11994,north carolina,2023,min ,2.0,4.0,4.0,8.0,12.0,16.0,20.0,19.0,16.0,9.0,,
11995,north carolina,2023,max ,14.0,16.0,18.0,22.0,23.0,27.0,31.0,31.0,27.0,23.0,,
11996,north carolina,2023,mean ,8.0,11.0,11.0,16.0,18.0,21.0,26.0,25.0,21.0,16.0,,
12633,ohio,1978,min ,-12.0,-15.0,-5.0,3.0,9.0,14.0,16.0,16.0,13.0,3.0,1.0,-5.0
12634,ohio,1978,max ,-4.0,-3.0,5.0,16.0,21.0,27.0,28.0,27.0,26.0,16.0,11.0,4.0
12635,ohio,1978,mean ,-8.0,-9.0,0.0,9.0,14.0,21.0,22.0,22.0,19.0,10.0,6.0,0.0
12648,ohio,1983,min ,-6.0,-5.0,-1.0,3.0,7.0,14.0,17.0,17.0,11.0,6.0,1.0,-8.0
12649,ohio,1983,max ,2.0,6.0,11.0,13.0,20.0,27.0,31.0,31.0,26.0,17.0,11.0,-1.0
12650,ohio,1983,mean ,-2.0,1.0,5.0,8.0,13.0,21.0,24.0,23.0,18.0,12.0,6.0,-5.0
12663,ohio,1988,min ,-9.0,-8.0,-2.0,3.0,8.0,12.0,17.0,17.0,11.0,2.0,1.0,-6.0
12664,ohio,1988,max ,1.0,2.0,9.0,16.0,23.0,29.0,31.0,29.0,23.0,13.0,11.0,4.0
12665,ohio,1988,mean ,-4.0,-3.0,3.0,9.0,16.0,21.0,24.0,23.0,17.0,8.0,6.0,-1.0
12678,ohio,1993,min ,-4.0,-8.0,-2.0,3.0,8.0,14.0,18.0,16.0,11.0,4.0,1.0,-4.0
12679,ohio,1993,max ,4.0,2.0,6.0,15.0,22.0,26.0,29.0,29.0,22.0,17.0,9.0,3.0
12680,ohio,1993,mean ,0.0,-3.0,2.0,9.0,16.0,20.0,23.0,23.0,17.0,10.0,5.0,-1.0
12693,ohio,1998,min ,-2.0,-1.0,1.0,4.0,12.0,15.0,16.0,16.0,13.0,6.0,1.0,-2.0
12694,ohio,1998,max ,5.0,8.0,10.0,17.0,24.0,26.0,28.0,28.0,27.0,18.0,12.0,7.0
12695,ohio,1998,mean ,2.0,3.0,5.0,11.0,18.0,21.0,22.0,22.0,20.0,12.0,6.0,2.0
12708,ohio,2003,min ,-10.0,-8.0,-2.0,4.0,9.0,13.0,16.0,17.0,11.0,4.0,3.0,-3.0
12709,ohio,2003,max ,-2.0,1.0,11.0,18.0,21.0,24.0,28.0,28.0,23.0,17.0,13.0,4.0
12710,ohio,2003,mean ,-6.0,-4.0,5.0,11.0,15.0,19.0,22.0,22.0,17.0,11.0,8.0,0.0
12723,ohio,2008,min ,-7.0,-7.0,-2.0,5.0,7.0,15.0,16.0,14.0,12.0,4.0,-1.0,-6.0
12724,ohio,2008,max ,3.0,2.0,7.0,18.0,20.0,27.0,28.0,28.0,26.0,17.0,9.0,4.0
12725,ohio,2008,mean ,-2.0,-2.0,2.0,11.0,14.0,21.0,22.0,21.0,19.0,11.0,4.0,-1.0
12738,ohio,2013,min ,-6.0,-6.0,-3.0,3.0,11.0,15.0,17.0,15.0,11.0,6.0,-1.0,-4.0
12739,ohio,2013,max ,3.0,2.0,6.0,17.0,23.0,27.0,27.0,27.0,24.0,18.0,8.0,4.0
12740,ohio,2013,mean ,-1.0,-2.0,2.0,10.0,17.0,21.0,22.0,21.0,18.0,12.0,4.0,0.0
12753,ohio,2018,min ,-9.0,-3.0,-3.0,1.0,13.0,16.0,17.0,18.0,16.0,7.0,-1.0,-2.0
12754,ohio,2018,max ,1.0,7.0,7.0,13.0,26.0,27.0,29.0,28.0,26.0,18.0,6.0,6.0
12755,ohio,2018,mean ,-4.0,2.0,2.0,7.0,20.0,22.0,23.0,23.0,21.0,12.0,3.0,2.0
12768,ohio,2023,min ,-1.0,-3.0,-1.0,4.0,8.0,13.0,17.0,16.0,13.0,7.0,,
12769,ohio,2023,max ,6.0,9.0,10.0,18.0,22.0,26.0,28.0,27.0,24.0,18.0,,
12770,ohio,2023,mean ,2.0,3.0,4.0,11.0,15.0,19.0,23.0,21.0,18.0,13.0,,
13020,oklahoma,1978,min ,-9.0,-7.0,1.0,9.0,13.0,19.0,22.0,20.0,18.0,8.0,3.0,-4.0
13021,oklahoma,1978,max ,2.0,3.0,16.0,24.0,26.0,31.0,37.0,34.0,31.0,25.0,16.0,9.0
13022,oklahoma,1978,mean ,-3.0,-2.0,8.0,17.0,19.0,25.0,29.0,27.0,24.0,17.0,9.0,3.0
13035,oklahoma,1983,min ,-3.0,-1.0,3.0,5.0,11.0,16.0,21.0,22.0,16.0,11.0,4.0,-9.0
13036,oklahoma,1983,max ,8.0,10.0,14.0,18.0,25.0,29.0,34.0,37.0,31.0,23.0,16.0,2.0
13037,oklahoma,1983,mean ,3.0,5.0,8.0,12.0,18.0,23.0,27.0,29.0,23.0,17.0,10.0,-4.0
13050,oklahoma,1988,min ,-6.0,-3.0,2.0,7.0,13.0,18.0,21.0,21.0,15.0,8.0,3.0,-2.0
13051,oklahoma,1988,max ,6.0,11.0,16.0,22.0,27.0,33.0,33.0,34.0,29.0,21.0,17.0,13.0
13052,oklahoma,1988,mean ,0.0,4.0,9.0,14.0,20.0,25.0,27.0,28.0,22.0,14.0,10.0,5.0
13065,oklahoma,1993,min ,-3.0,-2.0,2.0,7.0,13.0,18.0,22.0,21.0,13.0,7.0,-1.0,-2.0
13066,oklahoma,1993,max ,7.0,9.0,14.0,19.0,24.0,30.0,34.0,34.0,28.0,21.0,13.0,12.0
13067,oklahoma,1993,mean ,2.0,3.0,8.0,13.0,19.0,24.0,28.0,28.0,21.0,14.0,6.0,5.0
13080,oklahoma,1998,min ,-1.0,1.0,2.0,7.0,15.0,19.0,22.0,21.0,19.0,11.0,6.0,-2.0
13081,oklahoma,1998,max ,10.0,13.0,13.0,21.0,29.0,33.0,37.0,35.0,33.0,23.0,17.0,11.0
13082,oklahoma,1998,mean ,4.0,7.0,8.0,14.0,22.0,26.0,29.0,28.0,26.0,17.0,11.0,4.0
13095,oklahoma,2003,min ,-4.0,-3.0,3.0,8.0,13.0,17.0,21.0,21.0,14.0,9.0,4.0,-1.0
13096,oklahoma,2003,max ,9.0,9.0,17.0,23.0,27.0,29.0,36.0,35.0,27.0,24.0,16.0,12.0
13097,oklahoma,2003,mean ,3.0,3.0,9.0,16.0,20.0,23.0,28.0,28.0,21.0,17.0,10.0,6.0
13110,oklahoma,2008,min ,-4.0,-2.0,3.0,7.0,13.0,19.0,21.0,20.0,14.0,8.0,2.0,-4.0
13111,oklahoma,2008,max ,11.0,12.0,18.0,22.0,27.0,32.0,34.0,32.0,27.0,23.0,17.0,11.0
13112,oklahoma,2008,mean ,3.0,5.0,10.0,14.0,20.0,26.0,27.0,26.0,21.0,16.0,10.0,3.0
13125,oklahoma,2013,min ,-2.0,-2.0,2.0,6.0,12.0,19.0,20.0,20.0,17.0,9.0,2.0,-5.0
13126,oklahoma,2013,max ,11.0,12.0,15.0,19.0,26.0,32.0,33.0,33.0,32.0,22.0,14.0,8.0
13127,oklahoma,2013,mean ,4.0,5.0,8.0,12.0,19.0,26.0,26.0,27.0,24.0,16.0,8.0,2.0
13140,oklahoma,2018,min ,-5.0,-2.0,4.0,4.0,17.0,21.0,21.0,20.0,18.0,10.0,0.0,-1.0
13141,oklahoma,2018,max ,10.0,12.0,19.0,20.0,31.0,33.0,35.0,33.0,28.0,21.0,14.0,11.0
13142,oklahoma,2018,mean ,2.0,5.0,12.0,12.0,24.0,27.0,28.0,26.0,23.0,16.0,7.0,4.0
13155,oklahoma,2023,min ,-2.0,-1.0,3.0,7.0,14.0,18.0,21.0,21.0,17.0,10.0,,
13156,oklahoma,2023,max ,13.0,13.0,17.0,22.0,27.0,31.0,34.0,36.0,32.0,24.0,,
13157,oklahoma,2023,mean ,6.0,6.0,10.0,14.0,21.0,24.0,27.0,28.0,24.0,17.0,,
13407,oregon,1978,min ,-2.0,-1.0,0.0,1.0,2.0,7.0,10.0,9.0,6.0,1.0,-5.0,-8.0
13408,oregon,1978,max ,4.0,7.0,12.0,11.0,15.0,22.0,26.0,24.0,19.0,18.0,6.0,2.0
13409,oregon,1978,mean ,2.0,3.0,6.0,6.0,9.0,14.0,18.0,17.0,13.0,10.0,1.0,-3.0
13422,oregon,1983,min ,-2.0,-1.0,1.0,-1.0,4.0,6.0,9.0,11.0,5.0,2.0,1.0,-6.0
13423,oregon,1983,max ,6.0,7.0,9.0,11.0,18.0,20.0,23.0,26.0,21.0,16.0,7.0,1.0
13424,oregon,1983,mean ,2.0,3.0,5.0,5.0,11.0,13.0,16.0,18.0,13.0,9.0,4.0,-3.0
13437,oregon,1988,min ,-6.0,-3.0,-2.0,1.0,3.0,7.0,10.0,8.0,6.0,5.0,-1.0,-5.0
13438,oregon,1988,max ,3.0,9.0,10.0,14.0,17.0,22.0,28.0,27.0,23.0,21.0,7.0,4.0
13439,oregon,1988,mean ,-1.0,3.0,4.0,8.0,10.0,14.0,19.0,18.0,14.0,13.0,3.0,-1.0
13452,oregon,1993,min ,-8.0,-7.0,0.0,1.0,6.0,6.0,7.0,8.0,6.0,3.0,-6.0,-3.0
13453,oregon,1993,max ,1.0,3.0,9.0,11.0,19.0,19.0,21.0,24.0,24.0,17.0,7.0,4.0
13454,oregon,1993,mean ,-3.0,-2.0,4.0,6.0,12.0,13.0,14.0,16.0,15.0,10.0,1.0,1.0
13467,oregon,1998,min ,-2.0,-2.0,-1.0,1.0,3.0,7.0,12.0,10.0,8.0,1.0,0.0,-6.0
13468,oregon,1998,max ,5.0,6.0,9.0,13.0,14.0,21.0,28.0,29.0,24.0,14.0,7.0,3.0
13469,oregon,1998,mean ,2.0,2.0,4.0,7.0,9.0,13.0,20.0,19.0,17.0,8.0,3.0,-1.0
13482,oregon,2003,min ,0.0,-4.0,0.0,0.0,3.0,7.0,12.0,10.0,7.0,4.0,-3.0,-2.0
13483,oregon,2003,max ,7.0,7.0,10.0,11.0,17.0,24.0,31.0,28.0,24.0,18.0,6.0,4.0
13484,oregon,2003,mean ,4.0,2.0,5.0,5.0,11.0,16.0,21.0,19.0,16.0,11.0,1.0,1.0
13497,oregon,2008,min ,-7.0,-3.0,-3.0,-2.0,4.0,6.0,10.0,9.0,6.0,2.0,1.0,-6.0
13498,oregon,2008,max ,2.0,7.0,8.0,11.0,17.0,22.0,28.0,27.0,24.0,16.0,11.0,3.0
13499,oregon,2008,mean ,-2.0,2.0,2.0,4.0,11.0,13.0,19.0,18.0,15.0,9.0,6.0,-1.0
13512,oregon,2013,min ,-6.0,-3.0,-1.0,0.0,4.0,7.0,11.0,11.0,8.0,1.0,-1.0,-7.0
13513,oregon,2013,max ,3.0,7.0,11.0,13.0,18.0,23.0,30.0,27.0,21.0,14.0,9.0,4.0
13514,oregon,2013,mean ,-2.0,2.0,4.0,7.0,11.0,15.0,21.0,19.0,14.0,8.0,4.0,-2.0
13527,oregon,2018,min ,-1.0,-4.0,-2.0,1.0,6.0,7.0,11.0,10.0,6.0,2.0,-2.0,-4.0
13528,oregon,2018,max ,7.0,6.0,9.0,13.0,20.0,22.0,29.0,28.0,22.0,16.0,9.0,4.0
13529,oregon,2018,mean ,3.0,1.0,3.0,7.0,13.0,14.0,21.0,19.0,14.0,9.0,4.0,0.0
13542,oregon,2023,min ,-4.0,-6.0,-4.0,-1.0,6.0,7.0,11.0,12.0,7.0,3.0,,
13543,oregon,2023,max ,4.0,6.0,6.0,12.0,19.0,22.0,29.0,28.0,21.0,16.0,,
13544,oregon,2023,mean ,0.0,0.0,1.0,6.0,13.0,15.0,20.0,19.0,14.0,10.0,,
13794,pennsylvania,1978,min ,-11.0,-14.0,-6.0,1.0,7.0,11.0,14.0,16.0,11.0,2.0,-1.0,-6.0
13795,pennsylvania,1978,max ,-3.0,-3.0,5.0,14.0,19.0,25.0,26.0,27.0,23.0,15.0,10.0,3.0
13796,pennsylvania,1978,mean ,-7.0,-8.0,-1.0,7.0,13.0,18.0,20.0,21.0,17.0,9.0,4.0,-1.0
13809,pennsylvania,1983,min ,-7.0,-7.0,-2.0,2.0,6.0,12.0,14.0,15.0,9.0,4.0,0.0,-8.0
13810,pennsylvania,1983,max ,1.0,4.0,8.0,12.0,19.0,26.0,29.0,28.0,24.0,16.0,9.0,-1.0
13811,pennsylvania,1983,mean ,-3.0,-2.0,3.0,7.0,12.0,19.0,22.0,22.0,17.0,11.0,5.0,-4.0
13824,pennsylvania,1988,min ,-11.0,-8.0,-3.0,2.0,8.0,11.0,16.0,16.0,9.0,2.0,0.0,-7.0
13825,pennsylvania,1988,max ,-1.0,2.0,9.0,14.0,21.0,26.0,30.0,28.0,22.0,13.0,10.0,3.0
13826,pennsylvania,1988,mean ,-6.0,-3.0,3.0,8.0,14.0,18.0,23.0,22.0,15.0,7.0,5.0,-2.0
13839,pennsylvania,1993,min ,-5.0,-11.0,-5.0,2.0,7.0,12.0,16.0,14.0,10.0,3.0,-1.0,-6.0
13840,pennsylvania,1993,max ,3.0,1.0,5.0,14.0,22.0,25.0,28.0,27.0,21.0,15.0,9.0,2.0
13841,pennsylvania,1993,mean ,-1.0,-5.0,0.0,8.0,14.0,18.0,22.0,21.0,16.0,9.0,4.0,-2.0
13854,pennsylvania,1998,min ,-3.0,-2.0,-1.0,3.0,11.0,13.0,14.0,14.0,11.0,5.0,-1.0,-3.0
13855,pennsylvania,1998,max ,5.0,6.0,9.0,16.0,23.0,24.0,27.0,27.0,25.0,17.0,11.0,7.0
13856,pennsylvania,1998,mean ,1.0,2.0,4.0,9.0,17.0,18.0,21.0,21.0,18.0,11.0,5.0,2.0
13869,pennsylvania,2003,min ,-11.0,-9.0,-4.0,2.0,8.0,12.0,14.0,16.0,11.0,3.0,2.0,-5.0
13870,pennsylvania,2003,max ,-3.0,-1.0,9.0,15.0,19.0,23.0,27.0,27.0,22.0,15.0,12.0,3.0
13871,pennsylvania,2003,mean ,-7.0,-5.0,3.0,8.0,13.0,18.0,21.0,21.0,16.0,9.0,7.0,-1.0
13884,pennsylvania,2008,min ,-6.0,-7.0,-4.0,3.0,5.0,14.0,15.0,12.0,11.0,3.0,-1.0,-6.0
13885,pennsylvania,2008,max ,3.0,2.0,7.0,17.0,19.0,27.0,28.0,26.0,23.0,16.0,8.0,4.0
13886,pennsylvania,2008,mean ,-2.0,-3.0,2.0,11.0,12.0,20.0,22.0,19.0,17.0,9.0,3.0,-1.0
13899,pennsylvania,2013,min ,-6.0,-7.0,-3.0,2.0,8.0,13.0,17.0,13.0,9.0,6.0,-2.0,-5.0
13900,pennsylvania,2013,max ,2.0,1.0,5.0,16.0,22.0,26.0,28.0,26.0,23.0,17.0,8.0,3.0
13901,pennsylvania,2013,mean ,-2.0,-3.0,1.0,9.0,14.0,19.0,22.0,19.0,16.0,12.0,3.0,-1.0
13914,pennsylvania,2018,min ,-11.0,-4.0,-4.0,0.0,11.0,13.0,16.0,17.0,14.0,6.0,-1.0,-3.0
13915,pennsylvania,2018,max ,0.0,6.0,5.0,12.0,24.0,25.0,28.0,27.0,23.0,16.0,6.0,4.0
13916,pennsylvania,2018,mean ,-5.0,1.0,1.0,6.0,18.0,19.0,22.0,22.0,19.0,11.0,2.0,1.0
13929,pennsylvania,2023,min ,-2.0,-4.0,-3.0,3.0,6.0,11.0,16.0,14.0,12.0,7.0,,
13930,pennsylvania,2023,max ,6.0,8.0,8.0,18.0,21.0,24.0,28.0,26.0,23.0,18.0,,
13931,pennsylvania,2023,mean ,2.0,2.0,3.0,11.0,13.0,18.0,22.0,20.0,17.0,12.0,,
14955,south dakota,1978,min ,-22.0,-18.0,-7.0,1.0,7.0,11.0,14.0,13.0,10.0,1.0,-9.0,-16.0
14956,south dakota,1978,max ,-11.0,-8.0,4.0,12.0,20.0,26.0,29.0,29.0,27.0,17.0,4.0,-5.0
14957,south dakota,1978,mean ,-17.0,-13.0,-1.0,6.0,13.0,19.0,22.0,21.0,18.0,9.0,-3.0,-11.0
14970,south dakota,1983,min ,-9.0,-7.0,-4.0,-2.0,4.0,11.0,16.0,17.0,8.0,2.0,-4.0,-21.0
14971,south dakota,1983,max ,2.0,4.0,4.0,11.0,18.0,24.0,31.0,33.0,24.0,16.0,4.0,-12.0
14972,south dakota,1983,mean ,-4.0,-1.0,0.0,4.0,11.0,18.0,24.0,25.0,16.0,8.0,0.0,-17.0
14985,south dakota,1988,min ,-17.0,-14.0,-6.0,-1.0,9.0,16.0,16.0,14.0,7.0,0.0,-6.0,-11.0
14986,south dakota,1988,max ,-4.0,-1.0,8.0,17.0,23.0,32.0,32.0,31.0,23.0,16.0,6.0,2.0
14987,south dakota,1988,mean ,-11.0,-8.0,1.0,8.0,16.0,24.0,24.0,22.0,15.0,8.0,1.0,-4.0
15000,south dakota,1993,min ,-17.0,-16.0,-6.0,0.0,6.0,10.0,13.0,13.0,5.0,0.0,-8.0,-10.0
15001,south dakota,1993,max ,-5.0,-5.0,6.0,12.0,20.0,22.0,25.0,27.0,20.0,15.0,3.0,0.0
15002,south dakota,1993,mean ,-11.0,-11.0,0.0,6.0,13.0,16.0,19.0,20.0,13.0,8.0,-2.0,-5.0
15015,south dakota,1998,min ,-13.0,-4.0,-8.0,1.0,8.0,10.0,16.0,15.0,11.0,3.0,-3.0,-11.0
15016,south dakota,1998,max ,-2.0,4.0,1.0,15.0,22.0,22.0,29.0,29.0,27.0,15.0,7.0,3.0
15017,south dakota,1998,mean ,-7.0,0.0,-3.0,8.0,15.0,16.0,23.0,22.0,19.0,9.0,2.0,-4.0
15030,south dakota,2003,min ,-13.0,-14.0,-7.0,2.0,6.0,11.0,16.0,16.0,7.0,3.0,-8.0,-8.0
15031,south dakota,2003,max ,-1.0,-2.0,7.0,16.0,19.0,24.0,31.0,32.0,23.0,19.0,3.0,2.0
15032,south dakota,2003,mean ,-7.0,-8.0,0.0,8.0,13.0,17.0,23.0,23.0,16.0,11.0,-3.0,-3.0
15045,south dakota,2008,min ,-16.0,-14.0,-7.0,-2.0,4.0,11.0,15.0,14.0,8.0,2.0,-4.0,-16.0
15046,south dakota,2008,max ,-3.0,-1.0,7.0,13.0,18.0,24.0,30.0,29.0,23.0,15.0,6.0,-4.0
15047,south dakota,2008,mean ,-9.0,-7.0,0.0,6.0,12.0,17.0,22.0,22.0,16.0,8.0,1.0,-10.0
15060,south dakota,2013,min ,-13.0,-11.0,-9.0,-4.0,6.0,12.0,15.0,15.0,11.0,1.0,-7.0,-17.0
15061,south dakota,2013,max ,-2.0,1.0,4.0,9.0,20.0,25.0,29.0,28.0,26.0,12.0,7.0,-4.0
15062,south dakota,2013,mean ,-7.0,-5.0,-2.0,2.0,13.0,18.0,22.0,22.0,18.0,7.0,0.0,-11.0
15075,south dakota,2018,min ,-14.0,-18.0,-6.0,-4.0,9.0,14.0,15.0,13.0,9.0,-1.0,-7.0,-9.0
15076,south dakota,2018,max ,-2.0,-5.0,4.0,9.0,24.0,27.0,29.0,28.0,23.0,12.0,4.0,1.0
15077,south dakota,2018,mean ,-8.0,-12.0,-1.0,2.0,17.0,21.0,22.0,21.0,16.0,6.0,-2.0,-4.0
15090,south dakota,2023,min ,-12.0,-12.0,-10.0,-2.0,8.0,14.0,14.0,14.0,11.0,2.0,,
15091,south dakota,2023,max ,-2.0,1.0,1.0,12.0,24.0,28.0,29.0,29.0,26.0,15.0,,
15092,south dakota,2023,mean ,-7.0,-6.0,-5.0,5.0,16.0,21.0,21.0,22.0,18.0,8.0,,
15342,tennessee,1978,min ,-8.0,-7.0,1.0,8.0,12.0,17.0,19.0,18.0,16.0,4.0,4.0,-2.0
15343,tennessee,1978,max ,2.0,3.0,13.0,22.0,24.0,29.0,32.0,31.0,29.0,22.0,17.0,11.0
15344,tennessee,1978,mean ,-3.0,-2.0,7.0,15.0,18.0,23.0,25.0,24.0,22.0,13.0,11.0,4.0
15357,tennessee,1983,min ,-3.0,-1.0,3.0,4.0,11.0,16.0,19.0,19.0,13.0,8.0,2.0,-4.0
15358,tennessee,1983,max ,7.0,10.0,14.0,17.0,23.0,28.0,32.0,33.0,28.0,22.0,15.0,5.0
15359,tennessee,1983,mean ,2.0,4.0,9.0,11.0,17.0,22.0,26.0,26.0,21.0,16.0,8.0,0.0
15372,tennessee,1988,min ,-5.0,-4.0,2.0,6.0,9.0,14.0,19.0,19.0,14.0,4.0,3.0,-2.0
15373,tennessee,1988,max ,6.0,9.0,16.0,21.0,26.0,32.0,31.0,32.0,27.0,18.0,16.0,10.0
15374,tennessee,1988,mean ,0.0,3.0,9.0,14.0,18.0,23.0,25.0,26.0,21.0,11.0,9.0,4.0
15387,tennessee,1993,min ,0.0,-3.0,2.0,6.0,12.0,17.0,20.0,18.0,13.0,7.0,1.0,-1.0
15388,tennessee,1993,max ,9.0,9.0,12.0,19.0,24.0,29.0,33.0,31.0,27.0,21.0,14.0,8.0
15389,tennessee,1993,mean ,4.0,3.0,7.0,12.0,18.0,23.0,27.0,25.0,20.0,13.0,8.0,4.0
15402,tennessee,1998,min ,1.0,2.0,4.0,7.0,14.0,18.0,20.0,18.0,16.0,8.0,3.0,1.0
15403,tennessee,1998,max ,10.0,11.0,14.0,20.0,27.0,30.0,31.0,31.0,31.0,24.0,17.0,11.0
15404,tennessee,1998,mean ,6.0,7.0,9.0,13.0,21.0,24.0,26.0,24.0,23.0,16.0,10.0,6.0
15417,tennessee,2003,min ,-6.0,-1.0,4.0,8.0,13.0,15.0,19.0,19.0,13.0,8.0,5.0,-2.0
15418,tennessee,2003,max ,6.0,8.0,17.0,22.0,24.0,27.0,30.0,31.0,26.0,22.0,17.0,9.0
15419,tennessee,2003,mean ,0.0,3.0,11.0,15.0,19.0,21.0,24.0,25.0,20.0,14.0,11.0,3.0
15432,tennessee,2008,min ,-3.0,-1.0,3.0,7.0,12.0,17.0,18.0,17.0,15.0,7.0,1.0,-1.0
15433,tennessee,2008,max ,8.0,11.0,16.0,21.0,24.0,31.0,31.0,30.0,28.0,21.0,13.0,10.0
15434,tennessee,2008,mean ,2.0,6.0,9.0,14.0,18.0,24.0,24.0,24.0,22.0,14.0,7.0,4.0
15447,tennessee,2013,min ,0.0,-1.0,0.0,7.0,12.0,17.0,18.0,18.0,15.0,9.0,1.0,-1.0
15448,tennessee,2013,max ,9.0,10.0,11.0,20.0,24.0,29.0,29.0,29.0,27.0,21.0,13.0,9.0
15449,tennessee,2013,mean ,5.0,4.0,6.0,13.0,18.0,23.0,23.0,23.0,21.0,15.0,7.0,4.0
15462,tennessee,2018,min ,-6.0,3.0,3.0,4.0,16.0,18.0,19.0,19.0,18.0,10.0,2.0,1.0
15463,tennessee,2018,max ,6.0,14.0,14.0,18.0,28.0,31.0,31.0,30.0,29.0,22.0,12.0,10.0
15464,tennessee,2018,mean ,0.0,9.0,9.0,11.0,22.0,24.0,26.0,24.0,23.0,16.0,7.0,6.0
15477,tennessee,2023,min ,2.0,3.0,4.0,7.0,13.0,16.0,19.0,19.0,15.0,9.0,,
15478,tennessee,2023,max ,12.0,14.0,17.0,21.0,25.0,28.0,31.0,30.0,28.0,23.0,,
15479,tennessee,2023,mean ,7.0,9.0,10.0,14.0,19.0,22.0,25.0,24.0,21.0,16.0,,
15729,texas,1978,min ,-3.0,-1.0,5.0,12.0,16.0,20.0,22.0,21.0,18.0,11.0,8.0,1.0
15730,texas,1978,max ,9.0,11.0,21.0,27.0,30.0,33.0,36.0,33.0,29.0,26.0,19.0,14.0
15731,texas,1978,mean ,3.0,4.0,13.0,19.0,23.0,27.0,29.0,27.0,24.0,18.0,13.0,7.0
15744,texas,1983,min ,0.0,3.0,6.0,8.0,14.0,18.0,21.0,21.0,18.0,13.0,7.0,-3.0
15745,texas,1983,max ,13.0,15.0,19.0,23.0,28.0,31.0,34.0,35.0,32.0,26.0,21.0,9.0
15746,texas,1983,mean ,7.0,9.0,13.0,16.0,21.0,24.0,28.0,28.0,24.0,19.0,14.0,3.0
15759,texas,1988,min ,-1.0,2.0,5.0,9.0,14.0,18.0,21.0,21.0,17.0,12.0,6.0,2.0
15760,texas,1988,max ,12.0,16.0,21.0,26.0,29.0,32.0,33.0,34.0,31.0,26.0,22.0,16.0
15761,texas,1988,mean ,6.0,9.0,13.0,18.0,22.0,26.0,27.0,28.0,24.0,19.0,14.0,9.0
15774,texas,1993,min ,2.0,3.0,6.0,9.0,14.0,20.0,22.0,21.0,17.0,11.0,3.0,3.0
15775,texas,1993,max ,13.0,16.0,20.0,24.0,28.0,32.0,34.0,35.0,31.0,25.0,17.0,16.0
15776,texas,1993,mean ,7.0,9.0,13.0,17.0,21.0,26.0,28.0,28.0,24.0,18.0,11.0,9.0
15789,texas,1998,min ,3.0,4.0,6.0,9.0,17.0,21.0,23.0,21.0,20.0,14.0,9.0,2.0
15790,texas,1998,max ,17.0,17.0,19.0,25.0,33.0,36.0,37.0,34.0,33.0,26.0,20.0,15.0
15791,texas,1998,mean ,10.0,11.0,13.0,17.0,25.0,28.0,30.0,28.0,26.0,20.0,14.0,9.0
15804,texas,2003,min ,1.0,3.0,7.0,11.0,17.0,19.0,21.0,21.0,17.0,13.0,8.0,1.0
15805,texas,2003,max ,14.0,15.0,21.0,27.0,31.0,32.0,34.0,35.0,29.0,26.0,21.0,17.0
15806,texas,2003,mean ,8.0,9.0,14.0,19.0,24.0,26.0,28.0,28.0,23.0,19.0,14.0,9.0
15819,texas,2008,min ,1.0,3.0,7.0,10.0,16.0,21.0,21.0,21.0,16.0,11.0,6.0,1.0
15820,texas,2008,max ,15.0,20.0,22.0,26.0,31.0,35.0,34.0,33.0,29.0,26.0,21.0,17.0
15821,texas,2008,mean ,8.0,12.0,14.0,18.0,23.0,28.0,27.0,27.0,23.0,18.0,13.0,9.0
15834,texas,2013,min ,2.0,3.0,6.0,9.0,15.0,21.0,21.0,21.0,19.0,12.0,5.0,0.0
15835,texas,2013,max ,15.0,18.0,22.0,25.0,29.0,34.0,33.0,35.0,32.0,26.0,18.0,13.0
15836,texas,2013,mean ,8.0,11.0,14.0,17.0,22.0,27.0,27.0,28.0,26.0,19.0,11.0,7.0
15849,texas,2018,min ,-2.0,4.0,9.0,9.0,18.0,22.0,22.0,22.0,19.0,13.0,4.0,3.0
15850,texas,2018,max ,14.0,18.0,23.0,25.0,32.0,35.0,36.0,35.0,29.0,23.0,17.0,15.0
15851,texas,2018,mean ,6.0,11.0,16.0,17.0,26.0,28.0,29.0,28.0,24.0,18.0,11.0,9.0
15864,texas,2023,min ,3.0,4.0,8.0,11.0,17.0,21.0,23.0,23.0,20.0,13.0,,
15865,texas,2023,max ,18.0,18.0,23.0,25.0,29.0,34.0,37.0,38.0,34.0,27.0,,
15866,texas,2023,mean ,11.0,11.0,16.0,18.0,23.0,28.0,30.0,31.0,27.0,20.0,,
16890,virginia,1978,min ,-8.0,-8.0,-1.0,5.0,10.0,14.0,17.0,18.0,14.0,4.0,3.0,-3.0
16891,virginia,1978,max ,2.0,3.0,11.0,19.0,22.0,28.0,29.0,29.0,27.0,19.0,15.0,10.0
16892,virginia,1978,mean ,-3.0,-3.0,5.0,12.0,16.0,21.0,23.0,24.0,21.0,12.0,9.0,4.0
16905,virginia,1983,min ,-4.0,-3.0,2.0,4.0,9.0,14.0,17.0,17.0,12.0,7.0,2.0,-4.0
16906,virginia,1983,max ,6.0,8.0,13.0,16.0,23.0,27.0,31.0,31.0,27.0,19.0,14.0,6.0
16907,virginia,1983,mean ,1.0,2.0,8.0,10.0,16.0,21.0,24.0,24.0,19.0,13.0,8.0,1.0
16920,virginia,1988,min ,-7.0,-4.0,0.0,4.0,9.0,13.0,18.0,18.0,12.0,3.0,1.0,-4.0
16921,virginia,1988,max ,4.0,8.0,14.0,18.0,23.0,28.0,31.0,31.0,24.0,17.0,14.0,8.0
16922,virginia,1988,mean ,-2.0,2.0,7.0,12.0,17.0,21.0,24.0,24.0,18.0,10.0,8.0,2.0
16935,virginia,1993,min ,-1.0,-4.0,-1.0,4.0,11.0,14.0,19.0,17.0,14.0,6.0,2.0,-3.0
16936,virginia,1993,max ,8.0,7.0,10.0,18.0,24.0,28.0,32.0,30.0,26.0,19.0,14.0,7.0
16937,virginia,1993,mean ,3.0,1.0,5.0,11.0,18.0,22.0,26.0,23.0,20.0,12.0,8.0,2.0
16950,virginia,1998,min ,0.0,0.0,2.0,6.0,12.0,16.0,18.0,17.0,14.0,7.0,1.0,0.0
16951,virginia,1998,max ,9.0,10.0,13.0,19.0,24.0,28.0,30.0,30.0,29.0,21.0,16.0,12.0
16952,virginia,1998,mean ,4.0,5.0,7.0,13.0,18.0,22.0,24.0,23.0,22.0,14.0,8.0,6.0
16965,virginia,2003,min ,-6.0,-3.0,2.0,6.0,11.0,15.0,18.0,19.0,13.0,6.0,4.0,-3.0
16966,virginia,2003,max ,4.0,6.0,16.0,19.0,21.0,26.0,29.0,29.0,24.0,19.0,17.0,8.0
16967,virginia,2003,mean ,-1.0,1.0,9.0,12.0,16.0,20.0,23.0,24.0,19.0,13.0,11.0,2.0
16980,virginia,2008,min ,-4.0,-2.0,1.0,7.0,9.0,16.0,17.0,16.0,14.0,6.0,1.0,-1.0
16981,virginia,2008,max ,8.0,11.0,15.0,19.0,23.0,30.0,30.0,28.0,26.0,19.0,12.0,10.0
16982,virginia,2008,mean ,2.0,4.0,8.0,13.0,16.0,23.0,23.0,22.0,20.0,12.0,7.0,4.0
16995,virginia,2013,min ,-2.0,-3.0,-1.0,6.0,11.0,17.0,19.0,17.0,13.0,8.0,0.0,-1.0
16996,virginia,2013,max ,9.0,8.0,10.0,20.0,23.0,28.0,29.0,27.0,25.0,20.0,12.0,10.0
16997,virginia,2013,mean ,3.0,2.0,4.0,13.0,17.0,22.0,24.0,22.0,19.0,14.0,6.0,4.0
17010,virginia,2018,min ,-7.0,2.0,-1.0,4.0,14.0,17.0,18.0,18.0,18.0,9.0,1.0,-1.0
17011,virginia,2018,max ,6.0,13.0,11.0,18.0,27.0,28.0,29.0,29.0,27.0,20.0,11.0,9.0
17012,virginia,2018,mean ,-1.0,7.0,5.0,11.0,21.0,23.0,24.0,24.0,22.0,15.0,6.0,4.0
17025,virginia,2023,min ,1.0,2.0,2.0,7.0,10.0,13.0,19.0,18.0,14.0,8.0,,
17026,virginia,2023,max ,11.0,14.0,15.0,22.0,22.0,26.0,31.0,29.0,26.0,22.0,,
17027,virginia,2023,mean ,6.0,8.0,8.0,14.0,16.0,20.0,24.0,23.0,20.0,15.0,,
17277,washington,1978,min ,-3.0,-1.0,0.0,2.0,4.0,8.0,11.0,10.0,7.0,2.0,-4.0,-8.0
17278,washington,1978,max ,2.0,5.0,10.0,12.0,16.0,23.0,25.0,23.0,18.0,15.0,4.0,0.0
17279,washington,1978,mean ,-1.0,2.0,5.0,7.0,9.0,16.0,18.0,17.0,13.0,8.0,-1.0,-4.0
17292,washington,1983,min ,-1.0,-1.0,1.0,1.0,5.0,7.0,9.0,11.0,6.0,2.0,1.0,-8.0
17293,washington,1983,max ,5.0,7.0,10.0,13.0,19.0,19.0,22.0,25.0,18.0,14.0,7.0,-2.0
17294,washington,1983,mean ,2.0,3.0,6.0,7.0,12.0,13.0,16.0,18.0,12.0,8.0,4.0,-6.0
17307,washington,1988,min ,-5.0,-3.0,-1.0,2.0,4.0,7.0,10.0,9.0,7.0,5.0,0.0,-4.0
17308,washington,1988,max ,2.0,7.0,9.0,14.0,17.0,20.0,25.0,25.0,21.0,17.0,6.0,2.0
17309,washington,1988,mean ,-2.0,2.0,4.0,8.0,11.0,14.0,18.0,17.0,14.0,11.0,3.0,-1.0
17322,washington,1993,min ,-8.0,-6.0,-1.0,2.0,7.0,8.0,9.0,10.0,7.0,4.0,-4.0,-3.0
17323,washington,1993,max ,-1.0,3.0,8.0,12.0,20.0,19.0,20.0,23.0,22.0,16.0,5.0,3.0
17324,washington,1993,mean ,-4.0,-2.0,4.0,7.0,14.0,14.0,14.0,17.0,14.0,10.0,0.0,0.0
17337,washington,1998,min ,-3.0,-1.0,0.0,1.0,6.0,8.0,13.0,11.0,9.0,3.0,1.0,-4.0
17338,washington,1998,max ,3.0,7.0,9.0,14.0,17.0,21.0,27.0,27.0,24.0,14.0,7.0,2.0
17339,washington,1998,mean ,0.0,3.0,5.0,8.0,11.0,14.0,21.0,19.0,17.0,8.0,4.0,-1.0
17352,washington,2003,min ,-1.0,-3.0,0.0,2.0,4.0,8.0,11.0,11.0,8.0,4.0,-4.0,-3.0
17353,washington,2003,max ,5.0,6.0,9.0,12.0,17.0,23.0,28.0,27.0,23.0,16.0,4.0,2.0
17354,washington,2003,mean ,2.0,2.0,5.0,7.0,11.0,16.0,19.0,18.0,16.0,10.0,1.0,-1.0
17367,washington,2008,min ,-6.0,-3.0,-2.0,-1.0,5.0,7.0,10.0,11.0,7.0,2.0,1.0,-7.0
17368,washington,2008,max ,1.0,6.0,7.0,11.0,18.0,20.0,26.0,24.0,22.0,13.0,8.0,0.0
17369,washington,2008,mean ,-3.0,2.0,3.0,4.0,12.0,13.0,18.0,18.0,14.0,8.0,4.0,-3.0
17382,washington,2013,min ,-5.0,-2.0,-1.0,1.0,5.0,8.0,11.0,12.0,9.0,2.0,-2.0,-6.0
17383,washington,2013,max ,1.0,6.0,9.0,12.0,18.0,21.0,27.0,26.0,21.0,13.0,6.0,1.0
17384,washington,2013,mean ,-2.0,2.0,4.0,7.0,12.0,14.0,19.0,19.0,15.0,8.0,2.0,-2.0
17397,washington,2018,min ,-1.0,-4.0,-2.0,2.0,7.0,8.0,12.0,11.0,7.0,3.0,-1.0,-3.0
17398,washington,2018,max ,4.0,4.0,8.0,12.0,21.0,21.0,28.0,26.0,20.0,14.0,7.0,3.0
17399,washington,2018,mean ,2.0,0.0,3.0,7.0,14.0,14.0,19.0,19.0,13.0,8.0,3.0,1.0
17412,washington,2023,min ,-3.0,-4.0,-3.0,1.0,8.0,9.0,12.0,12.0,8.0,4.0,,
17413,washington,2023,max ,3.0,4.0,7.0,12.0,21.0,23.0,27.0,27.0,21.0,14.0,,
17414,washington,2023,mean ,1.0,0.0,2.0,6.0,14.0,16.0,19.0,19.0,14.0,9.0,,
18051,wisconsin,1978,min ,-19.0,-19.0,-10.0,-1.0,7.0,11.0,13.0,13.0,10.0,2.0,-6.0,-15.0
18052,wisconsin,1978,max ,-8.0,-6.0,3.0,11.0,21.0,24.0,24.0,26.0,23.0,13.0,4.0,-5.0
18053,wisconsin,1978,mean ,-14.0,-13.0,-3.0,5.0,13.0,17.0,19.0,19.0,16.0,7.0,-1.0,-10.0
18066,wisconsin,1983,min ,-12.0,-8.0,-4.0,-2.0,3.0,11.0,16.0,15.0,9.0,3.0,-3.0,-18.0
18067,wisconsin,1983,max ,-3.0,0.0,4.0,9.0,16.0,24.0,29.0,28.0,21.0,13.0,5.0,-9.0
18068,wisconsin,1983,mean ,-8.0,-4.0,-1.0,4.0,9.0,18.0,22.0,22.0,15.0,8.0,1.0,-14.0
18081,wisconsin,1988,min ,-18.0,-17.0,-7.0,-1.0,7.0,12.0,14.0,15.0,8.0,-1.0,-3.0,-13.0
18082,wisconsin,1988,max ,-7.0,-5.0,4.0,13.0,23.0,28.0,30.0,28.0,21.0,11.0,4.0,-2.0
18083,wisconsin,1988,mean ,-13.0,-11.0,-1.0,7.0,15.0,20.0,22.0,21.0,15.0,5.0,1.0,-8.0
18096,wisconsin,1993,min ,-15.0,-14.0,-8.0,-2.0,6.0,11.0,14.0,14.0,6.0,1.0,-6.0,-9.0
18097,wisconsin,1993,max ,-4.0,-3.0,3.0,10.0,18.0,22.0,25.0,26.0,17.0,13.0,3.0,-2.0
18098,wisconsin,1993,mean ,-9.0,-9.0,-2.0,4.0,12.0,16.0,19.0,19.0,11.0,7.0,-1.0,-6.0
18111,wisconsin,1998,min ,-11.0,-4.0,-5.0,2.0,8.0,11.0,14.0,14.0,10.0,3.0,-2.0,-9.0
18112,wisconsin,1998,max ,-3.0,3.0,4.0,15.0,23.0,23.0,27.0,27.0,24.0,15.0,7.0,2.0
18113,wisconsin,1998,mean ,-7.0,-1.0,-1.0,8.0,16.0,17.0,21.0,20.0,17.0,9.0,3.0,-4.0
18126,wisconsin,2003,min ,-16.0,-17.0,-8.0,-1.0,5.0,11.0,13.0,14.0,8.0,2.0,-4.0,-9.0
18127,wisconsin,2003,max ,-6.0,-4.0,4.0,12.0,18.0,24.0,27.0,28.0,21.0,14.0,4.0,0.0
18128,wisconsin,2003,mean ,-11.0,-11.0,-2.0,6.0,12.0,17.0,20.0,21.0,15.0,8.0,0.0,-4.0
18141,wisconsin,2008,min ,-14.0,-17.0,-10.0,0.0,4.0,12.0,14.0,12.0,9.0,2.0,-4.0,-17.0
18142,wisconsin,2008,max ,-5.0,-5.0,2.0,12.0,18.0,24.0,27.0,26.0,22.0,14.0,5.0,-5.0
18143,wisconsin,2008,mean ,-10.0,-11.0,-4.0,6.0,11.0,18.0,21.0,19.0,16.0,8.0,1.0,-11.0
18156,wisconsin,2013,min ,-14.0,-14.0,-10.0,-2.0,6.0,12.0,14.0,13.0,9.0,2.0,-6.0,-16.0
18157,wisconsin,2013,max ,-3.0,-3.0,1.0,8.0,19.0,23.0,26.0,26.0,23.0,13.0,4.0,-7.0
18158,wisconsin,2013,mean ,-9.0,-8.0,-5.0,3.0,13.0,17.0,20.0,19.0,16.0,8.0,-1.0,-12.0
18171,wisconsin,2018,min ,-14.0,-15.0,-7.0,-6.0,9.0,13.0,14.0,14.0,11.0,2.0,-6.0,-8.0
18172,wisconsin,2018,max ,-4.0,-3.0,4.0,7.0,23.0,25.0,27.0,26.0,22.0,11.0,1.0,-1.0
18173,wisconsin,2018,mean ,-9.0,-9.0,-2.0,1.0,17.0,19.0,21.0,20.0,16.0,6.0,-3.0,-4.0
18186,wisconsin,2023,min ,-8.0,-12.0,-7.0,0.0,6.0,12.0,13.0,13.0,12.0,4.0,,
18187,wisconsin,2023,max ,-2.0,-1.0,3.0,12.0,21.0,26.0,27.0,26.0,23.0,14.0,,
18188,wisconsin,2023,mean ,-5.0,-6.0,-2.0,6.0,13.0,19.0,20.0,19.0,17.0,9.0,,
